Год;Валовой внутренний продукт в рыночных ценах;Оплата труда наемных работников;в том числе оплата труда и смешанные доходы, не наблюдаемые прямыми статистическими методами;units;source 
1995;1428522,1;647875,8;110000;млрд. руб.;CA_07_2021
1996;2007825,1;1022643,3;220000;млрд. руб.;CA_07_2021
1997;2342514;1202900,5;270000;млрд. руб.;CA_07_2021
1998;2629623;1263046,8;270000;млн. руб.;CA_07_2021
1999;4823233,5;1933606,1;525000;млн. руб.;CA_07_2021
2000;7305646,3;2937229,9;810000;млн. руб.;CA_07_2021
2001;8943582,4;3848398,3;993500;млн. руб.;CA_07_2021
2002;10830535,1;5065100,6;1249000;млн. руб.;CA_07_2021
2003;13208233,8;6231387,9;1496400;млн. руб.;CA_07_2021
2004;17027190,9;7845036,7;1995100;млн. руб.;CA_07_2021
2005;21609765,5;9474266,7;2551000;млн. руб.;CA_07_2021
2006;26917201,4;11985905,6;3450000;млн. руб.;CA_07_2021
2007;33247513,2;15526114,7;4450000;млн. руб.;CA_07_2021
2008;41276849,1;19559761;5200000;млн. руб.;CA_07_2021
2009;38807218,6;20411614,4;5790000;млн. руб.;CA_07_2021
2010;46308541,2;22995635,9;6632000;млн. руб.;CA_07_2021
2011;60114000,8;26385053,6;6128000;млн. руб.;CA_07_2021
2012;68103449,5;30187193,6;7331000;млн. руб.;CA_07_2021
2013;72985701,1;33800073,5;8433000;млн. руб.;CA_07_2021
2014;79030040,1;37438961,7;10119000;млн. руб.;CA_07_2021
2015;83087360,1;39748920,8;10717000;млн. руб.;CA_07_2021
2016;85616083,8;41237450,8;10686000;млн. руб.;CA_07_2021
2017;91843154,2;43897536,4;11420000;млн. руб.;CA_07_2021
2018;103861651,1;46415809,8;10880000;млн. руб.;CA_07_2021
2019;109241536,4;48165914,8;9800000;млн. руб.;CA_07_2021
2020;106967459,4;50345915;10350000;млн. руб.;CA_07_2021
1995;1428522,1;647875,8;110000;млрд. руб.;CA_08_2022
1996;2007825,1;1022643,3;220000;млрд. руб.;CA_08_2022
1997;2342514;1202900,5;270000;млрд. руб.;CA_08_2022
1998;2629623;1263046,8;270000;млн. руб.;CA_08_2022
1999;4823233,5;1933606,1;525000;млн. руб.;CA_08_2022
2000;7305646,3;2937229,9;810000;млн. руб.;CA_08_2022
2001;8943582,4;3848398,3;993500;млн. руб.;CA_08_2022
2002;10830535,1;5065100,6;1249000;млн. руб.;CA_08_2022
2003;13208233,8;6231387,9;1496400;млн. руб.;CA_08_2022
2004;17027190,9;7845036,7;1995100;млн. руб.;CA_08_2022
2005;21609765,5;9474266,7;2551000;млн. руб.;CA_08_2022
2006;26917201,4;11985905,6;3450000;млн. руб.;CA_08_2022
2007;33247513,2;15526114,7;4450000;млн. руб.;CA_08_2022
2008;41276849,1;19559761;5200000;млн. руб.;CA_08_2022
2009;38807218,6;20411614,4;5790000;млн. руб.;CA_08_2022
2010;46308541,2;22995635,9;6632000;млн. руб.;CA_08_2022
2011;60114000,8;26385053,6;6128000;млн. руб.;CA_08_2022
2012;68103449,5;30187193,6;7331000;млн. руб.;CA_08_2022
2013;72985701,1;33800073,5;8433000;млн. руб.;CA_08_2022
2014;79030040,1;37438961,7;10119000;млн. руб.;CA_08_2022
2015;83087360,1;39748920,8;10717000;млн. руб.;CA_08_2022
2016;85616083,8;41237450,8;10686000;млн. руб.;CA_08_2022
2017;91843154,2;43897536,4;11420000;млн. руб.;CA_08_2022
2018;103861651,1;46415809,8;10880000;млн. руб.;CA_08_2022
2019;109608305,8;48383047,5;10270000;млн. руб.;CA_08_2022
2020;107390333,2;49697313,2;10300000;млн. руб.;CA_08_2022
2021;131014989,3;54101599,1;11000000;млн. руб.;CA_08_2022
1995;1428522,1;647875,8;110000;млрд. руб.;CA_04_2023
1996;2007825,1;1022643,3;220000;млрд. руб.;CA_04_2023
1997;2342514;1202900,5;270000;млрд. руб.;CA_04_2023
1998;2629623;1263046,8;270000;млн. руб.;CA_04_2023
1999;4823233,5;1933606,1;525000;млн. руб.;CA_04_2023
2000;7305646,3;2937229,9;810000;млн. руб.;CA_04_2023
2001;8943582,4;3848398,3;993500;млн. руб.;CA_04_2023
2002;10830535,1;5065100,6;1249000;млн. руб.;CA_04_2023
2003;13208233,8;6231387,9;1496400;млн. руб.;CA_04_2023
2004;17027190,9;7845036,7;1995100;млн. руб.;CA_04_2023
2005;21609765,5;9474266,7;2551000;млн. руб.;CA_04_2023
2006;26917201,4;11985905,6;3450000;млн. руб.;CA_04_2023
2007;33247513,2;15526114,7;4450000;млн. руб.;CA_04_2023
2008;41276849,1;19559761;5200000;млн. руб.;CA_04_2023
2009;38807218,6;20411614,4;5790000;млн. руб.;CA_04_2023
2010;46308541,2;22995635,9;6632000;млн. руб.;CA_04_2023
2011;60114000,8;26385053,6;6128000;млн. руб.;CA_04_2023
2012;68103449,5;30187193,6;7331000;млн. руб.;CA_04_2023
2013;72985701,1;33800073,5;8433000;млн. руб.;CA_04_2023
2014;79030040,1;37438961,7;10119000;млн. руб.;CA_04_2023
2015;83087360,1;39748920,8;10717000;млн. руб.;CA_04_2023
2016;85616083,8;41237450,8;10686000;млн. руб.;CA_04_2023
2017;91843154,2;43897536,4;11420000;млн. руб.;CA_04_2023
2018;103861651,1;46415809,8;10880000;млн. руб.;CA_04_2023
2019;109608305,8;48383047,5;10270000;млн. руб.;CA_04_2023
2020;107658131;48696703,7;9900000;млн. руб.;CA_04_2023
2021;135294974,6;54201496,3;11000000;млн. руб.;CA_04_2023
2022;153435152,8;59907630,4;11700000;млн. руб.;CA_04_2023
1995;1428522,1;647875,8;110000;млрд. руб.;CA_04_2024
1996;2007825,1;1022643,3;220000;млрд. руб.;CA_04_2024
1997;2342514;1202900,5;270000;млрд. руб.;CA_04_2024
1998;2629623;1263046,8;270000;млн. руб.;CA_04_2024
1999;4823233,5;1933606,1;525000;млн. руб.;CA_04_2024
2000;7305646,3;2937229,9;810000;млн. руб.;CA_04_2024
2001;8943582,4;3848398,3;993500;млн. руб.;CA_04_2024
2002;10830535,1;5065100,6;1249000;млн. руб.;CA_04_2024
2003;13208233,8;6231387,9;1496400;млн. руб.;CA_04_2024
2004;17027190,9;7845036,7;1995100;млн. руб.;CA_04_2024
2005;21609765,5;9474266,7;2551000;млн. руб.;CA_04_2024
2006;26917201,4;11985905,6;3450000;млн. руб.;CA_04_2024
2007;33247513,2;15526114,7;4450000;млн. руб.;CA_04_2024
2008;41276849,1;19559761;5200000;млн. руб.;CA_04_2024
2009;38807218,6;20411614,4;5790000;млн. руб.;CA_04_2024
2010;46308541,2;22995635,9;6632000;млн. руб.;CA_04_2024
2011;60114000,8;26385053,6;6128000;млн. руб.;CA_04_2024
2012;68103449,5;30187193,6;7331000;млн. руб.;CA_04_2024
2013;72985701,1;33800073,5;8433000;млн. руб.;CA_04_2024
2014;79030040,1;37438961,7;10119000;млн. руб.;CA_04_2024
2015;83087360,1;39748920,8;10717000;млн. руб.;CA_04_2024
2016;85616083,8;41237450,8;10686000;млн. руб.;CA_04_2024
2017;91843154,2;43897536,4;11420000;млн. руб.;CA_04_2024
2018;103861651,1;46415809,8;10880000;млн. руб.;CA_04_2024
2019;109608305,8;48383047,5;10270000;млн. руб.;CA_04_2024
2020;107658131;48696703,7;9900000;млн. руб.;CA_04_2024
2021;135773769;54830354,8;11750000;млн. руб.;CA_04_2024
2022;155188881,1;59811866,3;11700000;млн. руб.;CA_04_2024
2023;172148311,9;69432095,7;12800000;млн. руб.;CA_04_2024
1995;1428522,1;647875,8;110000;млрд. руб.;CA_08_2024
1996;2007825,1;1022643,3;220000;млрд. руб.;CA_08_2024
1997;2342514;1202900,5;270000;млрд. руб.;CA_08_2024
1998;2629623;1263046,8;270000;млн. руб.;CA_08_2024
1999;4823233,5;1933606,1;525000;млн. руб.;CA_08_2024
2000;7305646,3;2937229,9;810000;млн. руб.;CA_08_2024
2001;8943582,4;3848398,3;993500;млн. руб.;CA_08_2024
2002;10830535,1;5065100,6;1249000;млн. руб.;CA_08_2024
2003;13208233,8;6231387,9;1496400;млн. руб.;CA_08_2024
2004;17027190,9;7845036,7;1995100;млн. руб.;CA_08_2024
2005;21609765,5;9474266,7;2551000;млн. руб.;CA_08_2024
2006;26917201,4;11985905,6;3450000;млн. руб.;CA_08_2024
2007;33247513,2;15526114,7;4450000;млн. руб.;CA_08_2024
2008;41276849,1;19559761;5200000;млн. руб.;CA_08_2024
2009;38807218,6;20411614,4;5790000;млн. руб.;CA_08_2024
2010;46308541,2;22995635,9;6632000;млн. руб.;CA_08_2024
2011;60114000,8;26385053,6;6128000;млн. руб.;CA_08_2024
2012;68103449,5;30187193,6;7331000;млн. руб.;CA_08_2024
2013;72985701,1;33800073,5;8433000;млн. руб.;CA_08_2024
2014;79030040,1;37438961,7;10119000;млн. руб.;CA_08_2024
2015;83087360,1;39748920,8;10717000;млн. руб.;CA_08_2024
2016;85616083,8;41237450,8;10686000;млн. руб.;CA_08_2024
2017;91843154,2;43897536,4;11420000;млн. руб.;CA_08_2024
2018;103861651,1;46415809,8;10880000;млн. руб.;CA_08_2024
2019;109608305,8;48383047,5;10270000;млн. руб.;CA_08_2024
2020;107658131;48696703,7;9900000;млн. руб.;CA_08_2024
2021;135773769;54830354,8;11750000;млн. руб.;CA_08_2024
2022;155188881,1;60931866,3;12820000;млн. руб.;CA_08_2024
2023;172148311,9;69432095,7;12800000;млн. руб.;CA_08_2024
1995;1428522,1;647875,8;110000;млрд. руб.;CA_04_2022
1996;2007825,1;1022643,3;220000;млрд. руб.;CA_04_2022
1997;2342514;1202900,5;270000;млрд. руб.;CA_04_2022
1998;2629623;1263046,8;270000;млн. руб.;CA_04_2022
1999;4823233,5;1933606,1;525000;млн. руб.;CA_04_2022
2000;7305646,3;2937229,9;810000;млн. руб.;CA_04_2022
2001;8943582,4;3848398,3;993500;млн. руб.;CA_04_2022
2002;10830535,1;5065100,6;1249000;млн. руб.;CA_04_2022
2003;13208233,8;6231387,9;1496400;млн. руб.;CA_04_2022
2004;17027190,9;7845036,7;1995100;млн. руб.;CA_04_2022
2005;21609765,5;9474266,7;2551000;млн. руб.;CA_04_2022
2006;26917201,4;11985905,6;3450000;млн. руб.;CA_04_2022
2007;33247513,2;15526114,7;4450000;млн. руб.;CA_04_2022
2008;41276849,1;19559761;5200000;млн. руб.;CA_04_2022
2009;38807218,6;20411614,4;5790000;млн. руб.;CA_04_2022
2010;46308541,2;22995635,9;6632000;млн. руб.;CA_04_2022
2011;60114000,8;26385053,6;6128000;млн. руб.;CA_04_2022
2012;68103449,5;30187193,6;7331000;млн. руб.;CA_04_2022
2013;72985701,1;33800073,5;8433000;млн. руб.;CA_04_2022
2014;79030040,1;37438961,7;10119000;млн. руб.;CA_04_2022
2015;83087360,1;39748920,8;10717000;млн. руб.;CA_04_2022
2016;85616083,8;41237450,8;10686000;млн. руб.;CA_04_2022
2017;91843154,2;43897536,4;11420000;млн. руб.;CA_04_2022
2018;103861651,1;46415809,8;10880000;млн. руб.;CA_04_2022
2019;109608305,8;48383047,5;10270000;млн. руб.;CA_04_2022
2020;107390333,2;49697313,2;10300000;млн. руб.;CA_04_2022
2021;131014989,3;54101599,1;11000000;млн. руб.;CA_04_2022
1995;1428522,1;647875,8;110000;млрд. руб.;CA_07_2020
1996;2007825,1;1022643,3;220000;млрд. руб.;CA_07_2020
1997;2342514;1202900,5;270000;млрд. руб.;CA_07_2020
1998;2629623;1263046,8;270000;млн. руб.;CA_07_2020
1999;4823233,5;1933606,1;525000;млн. руб.;CA_07_2020
2000;7305646,3;2937229,9;810000;млн. руб.;CA_07_2020
2001;8943582,4;3848398,3;993500;млн. руб.;CA_07_2020
2002;10830535,1;5065100,6;1249000;млн. руб.;CA_07_2020
2003;13208233,8;6231387,9;1496400;млн. руб.;CA_07_2020
2004;17027190,9;7845036,7;1995100;млн. руб.;CA_07_2020
2005;21609765,5;9474266,7;2551000;млн. руб.;CA_07_2020
2006;26917201,4;11985905,6;3450000;млн. руб.;CA_07_2020
2007;33247513,2;15526114,7;4450000;млн. руб.;CA_07_2020
2008;41276849,1;19559761;5200000;млн. руб.;CA_07_2020
2009;38807218,6;20411614,4;5790000;млн. руб.;CA_07_2020
2010;46308541,2;22995635,9;6632000;млн. руб.;CA_07_2020
2011;60114000,8;26385053,6;6128000;млн. руб.;CA_07_2020
2012;68103449,5;30187193,6;7331000;млн. руб.;CA_07_2020
2013;72985701,1;33800073,5;8433000;млн. руб.;CA_07_2020
2014;79030040,1;37438961,7;10119000;млн. руб.;CA_07_2020
2015;83087360,1;39748920,8;10717000;млн. руб.;CA_07_2020
2016;85616083,8;41237450,8;10686000;млн. руб.;CA_07_2020
2017;91843154,2;43897536,4;11420000;млн. руб.;CA_07_2020
2018;104629637,8;47107278,1;11480000;млн. руб.;CA_07_2020
2019;110046051,6;50321125,2;12242000;млн. руб.;CA_07_2020
1995;1428522,1;647875,8;110000;млрд. руб.;CA_08_2023
1996;2007825,1;1022643,3;220000;млрд. руб.;CA_08_2023
1997;2342514;1202900,5;270000;млрд. руб.;CA_08_2023
1998;2629623;1263046,8;270000;млн. руб.;CA_08_2023
1999;4823233,5;1933606,1;525000;млн. руб.;CA_08_2023
2000;7305646,3;2937229,9;810000;млн. руб.;CA_08_2023
2001;8943582,4;3848398,3;993500;млн. руб.;CA_08_2023
2002;10830535,1;5065100,6;1249000;млн. руб.;CA_08_2023
2003;13208233,8;6231387,9;1496400;млн. руб.;CA_08_2023
2004;17027190,9;7845036,7;1995100;млн. руб.;CA_08_2023
2005;21609765,5;9474266,7;2551000;млн. руб.;CA_08_2023
2006;26917201,4;11985905,6;3450000;млн. руб.;CA_08_2023
2007;33247513,2;15526114,7;4450000;млн. руб.;CA_08_2023
2008;41276849,1;19559761;5200000;млн. руб.;CA_08_2023
2009;38807218,6;20411614,4;5790000;млн. руб.;CA_08_2023
2010;46308541,2;22995635,9;6632000;млн. руб.;CA_08_2023
2011;60114000,8;26385053,6;6128000;млн. руб.;CA_08_2023
2012;68103449,5;30187193,6;7331000;млн. руб.;CA_08_2023
2013;72985701,1;33800073,5;8433000;млн. руб.;CA_08_2023
2014;79030040,1;37438961,7;10119000;млн. руб.;CA_08_2023
2015;83087360,1;39748920,8;10717000;млн. руб.;CA_08_2023
2016;85616083,8;41237450,8;10686000;млн. руб.;CA_08_2023
2017;91843154,2;43897536,4;11420000;млн. руб.;CA_08_2023
2018;103861651,1;46415809,8;10880000;млн. руб.;CA_08_2023
2019;109608305,8;48383047,5;10270000;млн. руб.;CA_08_2023
2020;107658131;48696703,7;9900000;млн. руб.;CA_08_2023
2021;135294974,6;54703641,2;11750000;млн. руб.;CA_08_2023
2022;153435152,8;59907630,4;11700000;млн. руб.;CA_08_2023
1995;1428522,1;647875,8;110000;млрд. руб.;CA_2009
1996;2007825,1;1022643,3;220000;млрд. руб.;CA_2009
1997;2342514;1202900,5;270000;млрд. руб.;CA_2009
1998;2629623;1263046,8;270000;млн. руб.;CA_2009
1999;4823233,5;1933606,1;525000;млн. руб.;CA_2009
2000;7305646,3;2937229,9;810000;млн. руб.;CA_2009
2001;8943582,4;3848398,5;993500;млн. руб.;CA_2009
2002;10830535,1;5065100,6;1249000;млн. руб.;CA_2009
2003;13243239,8;6231387;1496400;млн. руб.;CA_2009
2004;17048121,7;7845036,7;1995100;млн. руб.;CA_2009
2005;21625372,2;9474266,7;2551000;млн. руб.;CA_2009
2006;26903493,8;11985905,6;3450000;млн. руб.;CA_2009
2007;33111381,8;15304205,7;4240000;млн. руб.;CA_2009
2008;41668033,8;19009651;5225000;млн. руб.;CA_2009
1995;1428522,1;647875,8;110000;млрд. руб.;CA_10_2010
1996;2007825,1;1022643,3;220000;млрд. руб.;CA_10_2010
1997;2342514;1202900,5;270000;млрд. руб.;CA_10_2010
1998;2629623;1263046,8;270000;млн. руб.;CA_10_2010
1999;4823233,5;1933606,1;525000;млн. руб.;CA_10_2010
2000;7305646,3;2937229,9;810000;млн. руб.;CA_10_2010
2001;8943582,4;3848398,5;993500;млн. руб.;CA_10_2010
2002;10819212,3;5065100,6;1249000;млн. руб.;CA_10_2010
2003;13208233,8;6231387,9;1496400;млн. руб.;CA_10_2010
2004;17027190,9;7845036,7;1995100;млн. руб.;CA_10_2010
2005;21609765,5;9474266,7;2551000,047;млн. руб.;CA_10_2010
2006;26917201,4;11985905,6;3450000;млн. руб.;CA_10_2010
2007;33247513,2;15526114,7;4450000;млн. руб.;CA_10_2010
2008;41428561;19553148,9;5200000;млн. руб.;CA_10_2010
2009;39100652,8;20229690,3;5389999,995;млн. руб.;CA_10_2010
1995;1428522,1;647875,8;110000;млрд. руб.;CA_04_2011
1996;2007825,1;1022643,3;220000;млрд. руб.;CA_04_2011
1997;2342514;1202900,5;270000;млрд. руб.;CA_04_2011
1998;2629623;1263046,8;270000;млн. руб.;CA_04_2011
1999;4823233,5;1933606,1;525000;млн. руб.;CA_04_2011
2000;7305646,3;2937229,9;810000;млн. руб.;CA_04_2011
2001;8943582,4;3848398,5;993500;млн. руб.;CA_04_2011
2002;10819212,3;5065100,6;1249000;млн. руб.;CA_04_2011
2003;13208233,8;6231387,9;1496400;млн. руб.;CA_04_2011
2004;17027190,9;7845036,7;1995100;млн. руб.;CA_04_2011
2005;21609765,5;9474266,7;2551000,047;млн. руб.;CA_04_2011
2006;26917201,4;11985905,6;3450000;млн. руб.;CA_04_2011
2007;33247513,2;15526114,7;4450000;млн. руб.;CA_04_2011
2008;41276849,1;19559761;5200000;млн. руб.;CA_04_2011
2009;38786372,1;20494229,7;5790000;млн. руб.;CA_04_2011
2010;44939152,9;22640344,8;6420000;млн. руб.;CA_04_2011
1995;1428522,1;647875,8;110000;млрд. руб.;CA_04_2012
1996;2007825,1;1022643,3;220000;млрд. руб.;CA_04_2012
1997;2342514;1202900,5;270000;млрд. руб.;CA_04_2012
1998;2629623;1263046,8;270000;млн. руб.;CA_04_2012
1999;4823233,5;1933606,1;525000;млн. руб.;CA_04_2012
2000;7305646,3;2937229,9;810000;млн. руб.;CA_04_2012
2001;8943582,4;3848398,5;993500;млн. руб.;CA_04_2012
2002;10819212,3;5065100,6;1249000;млн. руб.;CA_04_2012
2003;13208233,8;6231387,9;1496400;млн. руб.;CA_04_2012
2004;17027190,9;7845036,7;1995100;млн. руб.;CA_04_2012
2005;21609765,5;9474266,7;2551000;млн. руб.;CA_04_2012
2006;26917201,4;11985905,6;3450000;млн. руб.;CA_04_2012
2007;33247513,2;15526114,7;4450000;млн. руб.;CA_04_2012
2008;41276849,1;19559761;5200000;млн. руб.;CA_04_2012
2009;38807218,6;20411614,4;5790000;млн. руб.;CA_04_2012
2010;45172748,1;22533682,3;6450000;млн. руб.;CA_04_2012
2011;54585622,8;27167648,9;7702999,977;млн. руб.;CA_04_2012
1995;1428522,1;647875,8;110000;млрд. руб.;CA_04_2013
1996;2007825,1;1022643,3;220000;млрд. руб.;CA_04_2013
1997;2342514;1202900,5;270000;млрд. руб.;CA_04_2013
1998;2629623;1263046,8;270000;млн. руб.;CA_04_2013
1999;4823233,5;1933606,1;525000;млн. руб.;CA_04_2013
2000;7305646,3;2937229,9;810000;млн. руб.;CA_04_2013
2001;8943582,4;3848398,5;993500;млн. руб.;CA_04_2013
2002;10819212,3;5065100,6;1249000;млн. руб.;CA_04_2013
2003;13208233,8;6231387,9;1496400;млн. руб.;CA_04_2013
2004;17027190,9;7845036,7;1995100;млн. руб.;CA_04_2013
2005;21609765,5;9474266,7;2551000;млн. руб.;CA_04_2013
2006;26917201,4;11985905,6;3450000;млн. руб.;CA_04_2013
2007;33247513,2;15526114,7;4450000;млн. руб.;CA_04_2013
2008;41276849,1;19559761;5200000;млн. руб.;CA_04_2013
2009;38807218,6;20411614,4;5790000;млн. руб.;CA_04_2013
2010;46308541,2;22995635,9;6632000;млн. руб.;CA_04_2013
2011;55799572,6;27646522,3;7868000;млн. руб.;CA_04_2013
2012;62599057,3;31577937,4;9018000;млн. руб.;CA_04_2013
1995;1428522,1;647875,8;110000;млрд. руб.;CA_04_2014
1996;2007825,1;1022643,3;220000;млрд. руб.;CA_04_2014
1997;2342514;1202900,5;270000;млрд. руб.;CA_04_2014
1998;2629623;1263046,8;270000;млн. руб.;CA_04_2014
1999;4823233,5;1933606,1;525000;млн. руб.;CA_04_2014
2000;7305646,3;2937229,9;810000;млн. руб.;CA_04_2014
2001;8943582,4;3848398,5;993500;млн. руб.;CA_04_2014
2002;10819212,3;5065100,6;1249000;млн. руб.;CA_04_2014
2003;13208233,8;6231387,9;1496400;млн. руб.;CA_04_2014
2004;17027190,9;7845036,7;1995100;млн. руб.;CA_04_2014
2005;21609765,5;9474266,7;2551000;млн. руб.;CA_04_2014
2006;26917201,4;11985905,6;3450000;млн. руб.;CA_04_2014
2007;33247513,2;15526114,7;4450000;млн. руб.;CA_04_2014
2008;41276849,1;19559761;5200000;млн. руб.;CA_04_2014
2009;38807218,6;20411614,4;5790000;млн. руб.;CA_04_2014
2010;46308541,2;22995635,9;6632000;млн. руб.;CA_04_2014
2011;55967226,8;27762802,2;7868000;млн. руб.;CA_04_2014
2012;62218377,8;31462486,9;8959000;млн. руб.;CA_04_2014
2013;66755301,9;34628394,2;9612000;млн. руб.;CA_04_2014
1995;1428522,1;647875,8;110000;млрд. руб.;CA_06_2014
1996;2007825,1;1022643,3;220000;млрд. руб.;CA_06_2014
1997;2342514;1202900,5;270000;млрд. руб.;CA_06_2014
1998;2629623;1263046,8;270000;млн. руб.;CA_06_2014
1999;4823233,5;1933606,1;525000;млн. руб.;CA_06_2014
2000;7305646,3;2937229,9;810000;млн. руб.;CA_06_2014
2001;8943582,4;3848398,5;993500;млн. руб.;CA_06_2014
2002;10819212,3;5065100,6;1249000;млн. руб.;CA_06_2014
2003;13208233,8;6231387,9;1496400;млн. руб.;CA_06_2014
2004;17027190,9;7845036,7;1995100;млн. руб.;CA_06_2014
2005;21609765,5;9474266,7;2551000;млн. руб.;CA_06_2014
2006;26917201,4;11985905,6;3450000;млн. руб.;CA_06_2014
2007;33247513,2;15526114,7;4450000;млн. руб.;CA_06_2014
2008;41276849,1;19559761;5200000;млн. руб.;CA_06_2014
2009;38807218,6;20411614,4;5790000;млн. руб.;CA_06_2014
2010;46308541,2;22995635,9;6632000;млн. руб.;CA_06_2014
2011;55967226,8;27762802,2;7868000;млн. руб.;CA_06_2014
2012;62218377,8;31462486,9;8959000;млн. руб.;CA_06_2014
2013;66755301,9;34628394,2;9612000;млн. руб.;CA_06_2014
1995;1428522,1;647875,8;110000;млрд. руб.;CA_04_2015
1996;2007825,1;1022643,3;220000;млрд. руб.;CA_04_2015
1997;2342514;1202900,5;270000;млрд. руб.;CA_04_2015
1998;2629623;1263046,8;270000;млн. руб.;CA_04_2015
1999;4823233,5;1933606,1;525000;млн. руб.;CA_04_2015
2000;7305646,3;2937229,9;810000;млн. руб.;CA_04_2015
2001;8943582,4;3848398,5;993500;млн. руб.;CA_04_2015
2002;10819212,3;5065100,6;1249000;млн. руб.;CA_04_2015
2003;13208233,8;6231387,9;1496400;млн. руб.;CA_04_2015
2004;17027190,9;7845036,7;1995100;млн. руб.;CA_04_2015
2005;21609765,5;9474266,7;2551000;млн. руб.;CA_04_2015
2006;26917201,4;11985905,6;3450000;млн. руб.;CA_04_2015
2007;33247513,2;15526114,7;4450000;млн. руб.;CA_04_2015
2008;41276849,1;19559761;5200000;млн. руб.;CA_04_2015
2009;38807218,6;20411614,4;5790000;млн. руб.;CA_04_2015
2010;46308541,2;22995635,9;6632000;млн. руб.;CA_04_2015
2011;55967226,8;27762802,2;7868000;млн. руб.;CA_04_2015
2012;62176495;31222506,8;8739000;млн. руб.;CA_04_2015
2013;66190119,9;34269005,9;9350000;млн. руб.;CA_04_2015
2014;71406399,2;37119238,8;10161000;млн. руб.;CA_04_2015
1995;1428522,1;647875,8;110000;млрд. руб.;CA_08_2015
1996;2007825,1;1022643,3;220000;млрд. руб.;CA_08_2015
1997;2342514;1202900,5;270000;млрд. руб.;CA_08_2015
1998;2629623;1263046,8;270000;млн. руб.;CA_08_2015
1999;4823233,5;1933606,1;525000;млн. руб.;CA_08_2015
2000;7305646,3;2937229,9;810000;млн. руб.;CA_08_2015
2001;8943582,4;3848398,5;993500;млн. руб.;CA_08_2015
2002;10819212,3;5065100,6;1249000;млн. руб.;CA_08_2015
2003;13208233,8;6231387,9;1496400;млн. руб.;CA_08_2015
2004;17027190,9;7845036,7;1995100;млн. руб.;CA_08_2015
2005;21609765,5;9474266,7;2551000;млн. руб.;CA_08_2015
2006;26917201,4;11985905,6;3450000;млн. руб.;CA_08_2015
2007;33247513,2;15526114,7;4450000;млн. руб.;CA_08_2015
2008;41276849,1;19559761;5200000;млн. руб.;CA_08_2015
2009;38807218,6;20411614,4;5790000;млн. руб.;CA_08_2015
2010;46308541,2;22995635,9;6632000;млн. руб.;CA_08_2015
2011;55967226,8;27762802,2;7868000;млн. руб.;CA_08_2015
2012;62176495;31222506,8;8739000;млн. руб.;CA_08_2015
2013;66190119,9;34269005,9;9350000;млн. руб.;CA_08_2015
2014;71406399,2;37119238,8;10161000;млн. руб.;CA_08_2015
1995;1428522,1;647875,8;110000;млрд. руб.;CA_04_2016
1996;2007825,1;1022643,3;220000;млрд. руб.;CA_04_2016
1997;2342514;1202900,5;270000;млрд. руб.;CA_04_2016
1998;2629623;1263046,8;270000;млн. руб.;CA_04_2016
1999;4823233,5;1933606,1;525000;млн. руб.;CA_04_2016
2000;7305646,3;2937229,9;810000;млн. руб.;CA_04_2016
2001;8943582,4;3848398,3;993500;млн. руб.;CA_04_2016
2002;10819212,3;5065100,6;1249000;млн. руб.;CA_04_2016
2003;13208233,8;6231387,9;1496400;млн. руб.;CA_04_2016
2004;17027190,9;7845036,7;1995100;млн. руб.;CA_04_2016
2005;21609765,5;9474266,7;2551000;млн. руб.;CA_04_2016
2006;26917201,4;11985905,6;3450000;млн. руб.;CA_04_2016
2007;33247513,2;15526114,7;4450000;млн. руб.;CA_04_2016
2008;41276849,1;19559761;5200000;млн. руб.;CA_04_2016
2009;38807218,6;20411614,4;5790000;млн. руб.;CA_04_2016
2010;46308541,2;22995635,9;6632000;млн. руб.;CA_04_2016
2011;59698117,4;26226731,1;6306573;млн. руб.;CA_04_2016
2012;66926863,3;29592301,5;7166849;млн. руб.;CA_04_2016
2013;71016728,7;32753576,4;8116093;млн. руб.;CA_04_2016
2014;77945071,5;36195892;10076077;млн. руб.;CA_04_2016
2015;80804310,2;37819466,6;10545747,3;млн. руб.;CA_04_2016
1995;1428522,1;647875,8;110000;млрд. руб.;CA_07_2016
1996;2007825,1;1022643,3;220000;млрд. руб.;CA_07_2016
1997;2342514;1202900,5;270000;млрд. руб.;CA_07_2016
1998;2629623;1263046,8;270000;млн. руб.;CA_07_2016
1999;4823233,5;1933606,1;525000;млн. руб.;CA_07_2016
2000;7305646,3;2937229,9;810000;млн. руб.;CA_07_2016
2001;8943582,4;3848398,3;993500;млн. руб.;CA_07_2016
2002;10819212,3;5065100,6;1249000;млн. руб.;CA_07_2016
2003;13208233,8;6231387,9;1496400;млн. руб.;CA_07_2016
2004;17027190,9;7845036,7;1995100;млн. руб.;CA_07_2016
2005;21609765,5;9474266,7;2551000;млн. руб.;CA_07_2016
2006;26917201,4;11985905,6;3450000;млн. руб.;CA_07_2016
2007;33247513,2;15526114,7;4450000;млн. руб.;CA_07_2016
2008;41276849,1;19559761;5200000;млн. руб.;CA_07_2016
2009;38807218,6;20411614,4;5790000;млн. руб.;CA_07_2016
2010;46308541,2;22995635,9;6632000;млн. руб.;CA_07_2016
2011;59698117,4;26226731,1;6306573;млн. руб.;CA_07_2016
2012;66926863,3;29592301,5;7166849;млн. руб.;CA_07_2016
2013;71016728,7;33143576,4;8506093;млн. руб.;CA_07_2016
2014;77945071,5;36495892;10376077;млн. руб.;CA_07_2016
2015;80804310,2;38131666,6;10857947,3;млн. руб.;CA_07_2016
1995;1428522,1;647875,8;110000;млрд. руб.;CA_04_2019
1996;2007825,1;1022643,3;220000;млрд. руб.;CA_04_2019
1997;2342514;1202900,5;270000;млрд. руб.;CA_04_2019
1998;2629623;1263046,8;270000;млн. руб.;CA_04_2019
1999;4823233,5;1933606,1;525000;млн. руб.;CA_04_2019
2000;7305646,3;2937229,9;810000;млн. руб.;CA_04_2019
2001;8943582,4;3848398,3;993500;млн. руб.;CA_04_2019
2002;10819212,3;5065100,6;1249000;млн. руб.;CA_04_2019
2003;13208233,8;6231387,9;1496400;млн. руб.;CA_04_2019
2004;17027190,9;7845036,7;1995100;млн. руб.;CA_04_2019
2005;21609765,5;9474266,7;2551000;млн. руб.;CA_04_2019
2006;26917201,4;11985905,6;3450000;млн. руб.;CA_04_2019
2007;33247513,2;15526114,7;4450000;млн. руб.;CA_04_2019
2008;41276849,1;19559761;5200000;млн. руб.;CA_04_2019
2009;38807218,6;20411614,4;5790000;млн. руб.;CA_04_2019
2010;46308541,2;22995635,9;6632000;млн. руб.;CA_04_2019
2011;60282540,4;26386675,4;6466513;млн. руб.;CA_04_2019
2012;68163883,1;30201161,5;7706849;млн. руб.;CA_04_2019
2013;73133895,1;33792282,2;8839093;млн. руб.;CA_04_2019
2014;79058484;37430458;10555077;млн. руб.;CA_04_2019
2015;83094304,6;39745493;11199588,4;млн. руб.;CA_04_2019
2016;86014204,3;41245363,8;11192278,7;млн. руб.;CA_04_2019
2017;92101347,8;43884319,8;11923443,1;млн. руб.;CA_04_2019
2018;103875800,4;48244368,2;13062566,5;млн. руб.;CA_04_2019
1995;1428522,1;647875,8;110000;млрд. руб.;CA_04_2018
1996;2007825,1;1022643,3;220000;млрд. руб.;CA_04_2018
1997;2342514;1202900,5;270000;млрд. руб.;CA_04_2018
1998;2629623;1263046,8;270000;млн. руб.;CA_04_2018
1999;4823233,5;1933606,1;525000;млн. руб.;CA_04_2018
2000;7305646,3;2937229,9;810000;млн. руб.;CA_04_2018
2001;8943582,4;3848398,3;993500;млн. руб.;CA_04_2018
2002;10819212,3;5065100,6;1249000;млн. руб.;CA_04_2018
2003;13208233,8;6231387,9;1496400;млн. руб.;CA_04_2018
2004;17027190,9;7845036,7;1995100;млн. руб.;CA_04_2018
2005;21609765,5;9474266,7;2551000;млн. руб.;CA_04_2018
2006;26917201,4;11985905,6;3450000;млн. руб.;CA_04_2018
2007;33247513,2;15526114,7;4450000;млн. руб.;CA_04_2018
2008;41276849,1;19559761;5200000;млн. руб.;CA_04_2018
2009;38807218,6;20411614,4;5790000;млн. руб.;CA_04_2018
2010;46308541,2;22995635,9;6632000;млн. руб.;CA_04_2018
2011;60282540,4;26386675,4;6466513;млн. руб.;CA_04_2018
2012;68163883,1;30201161,5;7706849;млн. руб.;CA_04_2018
2013;73133895,1;33792282,2;8839093;млн. руб.;CA_04_2018
2014;79199658,5;37387176,4;10536077;млн. руб.;CA_04_2018
2015;83387191,7;39109771,5;10564588,4;млн. руб.;CA_04_2018
2016;86148565,6;41276461,9;10972278,7;млн. руб.;CA_04_2018
2017;92037175,7;44263226,5;11726991,5;млн. руб.;CA_04_2018
1995;1428522,1;647875,8;110000;млрд. руб.;CA_07_2017
1996;2007825,1;1022643,3;220000;млрд. руб.;CA_07_2017
1997;2342514;1202900,5;270000;млрд. руб.;CA_07_2017
1998;2629623;1263046,8;270000;млн. руб.;CA_07_2017
1999;4823233,5;1933606,1;525000;млн. руб.;CA_07_2017
2000;7305646,3;2937229,9;810000;млн. руб.;CA_07_2017
2001;8943582,4;3848398,3;993500;млн. руб.;CA_07_2017
2002;10819212,3;5065100,6;1249000;млн. руб.;CA_07_2017
2003;13208233,8;6231387,9;1496400;млн. руб.;CA_07_2017
2004;17027190,9;7845036,7;1995100;млн. руб.;CA_07_2017
2005;21609765,5;9474266,7;2551000;млн. руб.;CA_07_2017
2006;26917201,4;11985905,6;3450000;млн. руб.;CA_07_2017
2007;33247513,2;15526114,7;4450000;млн. руб.;CA_07_2017
2008;41276849,1;19559761;5200000;млн. руб.;CA_07_2017
2009;38807218,6;20411614,4;5790000;млн. руб.;CA_07_2017
2010;46308541,2;22995635,9;6632000;млн. руб.;CA_07_2017
2011;60282540,4;26386675,4;6466513;млн. руб.;CA_07_2017
2012;68163883,1;30201161,5;7706849;млн. руб.;CA_07_2017
2013;73133895,1;33792282,2;8839093;млн. руб.;CA_07_2017
2014;79199658,5;37387176,4;10536077;млн. руб.;CA_07_2017
2015;83232618,4;38091452,2;9660337,7;млн. руб.;CA_07_2017
2016;86043648,9;40779288,6;10297386,5;млн. руб.;CA_07_2017
1995;1428522,1;647875,8;110000;млрд. руб.;CA_04_2017
1996;2007825,1;1022643,3;220000;млрд. руб.;CA_04_2017
1997;2342514;1202900,5;270000;млрд. руб.;CA_04_2017
1998;2629623;1263046,8;270000;млн. руб.;CA_04_2017
1999;4823233,5;1933606,1;525000;млн. руб.;CA_04_2017
2000;7305646,3;2937229,9;810000;млн. руб.;CA_04_2017
2001;8943582,4;3848398,3;993500;млн. руб.;CA_04_2017
2002;10819212,3;5065100,6;1249000;млн. руб.;CA_04_2017
2003;13208233,8;6231387,9;1496400;млн. руб.;CA_04_2017
2004;17027190,9;7845036,7;1995100;млн. руб.;CA_04_2017
2005;21609765,5;9474266,7;2551000;млн. руб.;CA_04_2017
2006;26917201,4;11985905,6;3450000;млн. руб.;CA_04_2017
2007;33247513,2;15526114,7;4450000;млн. руб.;CA_04_2017
2008;41276849,1;19559761;5200000;млн. руб.;CA_04_2017
2009;38807218,6;20411614,4;5790000;млн. руб.;CA_04_2017
2010;46308541,2;22995635,9;6632000;млн. руб.;CA_04_2017
2011;59698117,4;26226731,1;6306573;млн. руб.;CA_04_2017
2012;66926863,3;29592301,5;7166849;млн. руб.;CA_04_2017
2013;71016728,7;33143576,4;8506093;млн. руб.;CA_04_2017
2014;79199658,5;37387176,4;10536077;млн. руб.;CA_04_2017
2015;83232618,4;37571452,2;9140337,7;млн. руб.;CA_04_2017
2016;86043648,9;40224288,6;9742386,5;млн. руб.;CA_04_2017
1995;1428522,1;647875,8;110000;млрд. руб.;CA_12_2016
1996;2007825,1;1022643,3;220000;млрд. руб.;CA_12_2016
1997;2342514;1202900,5;270000;млрд. руб.;CA_12_2016
1998;2629623;1263046,8;270000;млн. руб.;CA_12_2016
1999;4823233,5;1933606,1;525000;млн. руб.;CA_12_2016
2000;7305646,3;2937229,9;810000;млн. руб.;CA_12_2016
2001;8943582,4;3848398,3;993500;млн. руб.;CA_12_2016
2002;10819212,3;5065100,6;1249000;млн. руб.;CA_12_2016
2003;13208233,8;6231387,9;1496400;млн. руб.;CA_12_2016
2004;17027190,9;7845036,7;1995100;млн. руб.;CA_12_2016
2005;21609765,5;9474266,7;2551000;млн. руб.;CA_12_2016
2006;26917201,4;11985905,6;3450000;млн. руб.;CA_12_2016
2007;33247513,2;15526114,7;4450000;млн. руб.;CA_12_2016
2008;41276849,1;19559761;5200000;млн. руб.;CA_12_2016
2009;38807218,6;20411614,4;5790000;млн. руб.;CA_12_2016
2010;46308541,2;22995635,9;6632000;млн. руб.;CA_12_2016
2011;59698117,4;26226731,1;6306573;млн. руб.;CA_12_2016
2012;66926863,3;29592301,5;7166849;млн. руб.;CA_12_2016
2013;71016728,7;33143576,4;8506093;млн. руб.;CA_12_2016
2014;77945071,5;36495892;10376077;млн. руб.;CA_12_2016
2015;80804310,2;38131666,6;10857947,3;млн. руб.;CA_12_2016
1993;171509,5;76346,2;9100;млрд. руб.;NA_1997
1994;610745,2;300997,6;52000;млрд. руб.;NA_1997
1995;1630078,9;707888,6;170000;млрд. руб.;NA_1997
1993;171509,5;76346,2;9100;млрд. руб.;NA_1998
1994;610745,2;300997,6;52000;млрд. руб.;NA_1998
1995;1585025,8;695804,4;160000;млрд. руб.;NA_1998
1996;2200225,3;1032508,9;250000;млрд. руб.;NA_1998
1993;171509,5;76346,2;9100;млрд. руб.;NA_2000
1994;610745,2;300997,6;52000;млрд. руб.;NA_2000
1995;1540492,8;695804,4;160000;млрд. руб.;NA_2000
1996;2145655,5;1064174,5;250000;млрд. руб.;NA_2000
1997;2478594,1;1238895;290000;млрд. руб.;NA_2000
1998;2696,3548;1282,9502;269;млрд. руб.;NA_2000
1999;4545,4895;1923,1581;491;млрд. руб.;NA_2000
1993;171509,5;76346,2;9100;млрд. руб.;NA_2001
1994;610745,2;300997,6;52000;млрд. руб.;NA_2001
1995;1540492,8;695804,4;160000;млрд. руб.;NA_2001
1996;2145655,5;1064174,5;250000;млрд. руб.;NA_2001
1997;2478594,1;1238895;290000;млрд. руб.;NA_2001
1998;2741,0512;1292,7069;277;млрд. руб.;NA_2001
1999;4757,2337;1947,8212;525;млрд. руб.;NA_2001
2000;7063,3928;2821,4608;782;млрд. руб.;NA_2001
1994;610745,2;300997,6;52000;млрд. руб.;NA_2002
1995;1540492,8;695804,4;160000;млрд. руб.;NA_2002
1996;2145655,5;1064174,5;250000;млрд. руб.;NA_2002
1997;2478594,1;1238895;290000;млрд. руб.;NA_2002
1998;2741,0512;1292,7069;277;млрд. руб.;NA_2002
1999;4766,8345;1933,8456;525;млрд. руб.;NA_2002
2000;7302,2334;2936,3935;810;млрд. руб.;NA_2002
2001;9040,821;4069,1127;1002,8;млрд. руб.;NA_2002
1995;1428522,1;647875,8;110000;млрд. руб.;NA_2003
1996;2007825,1;1022643,3;220000;млрд. руб.;NA_2003
1997;2342514;1202900,5;270000;млрд. руб.;NA_2003
1998;2629,623;1263,0469;270;млрд. руб.;NA_2003
1999;4823,2335;1933,6061;525;млрд. руб.;NA_2003
2000;7305,6463;2937,2299;810;млрд. руб.;NA_2003
2001;9039,4406;3860,4126;1004;млрд. руб.;NA_2003
2002;10863,3616;5010,5095;1249;млрд. руб.;NA_2003
1996;2007825,1;1022643,3;220000;млрд. руб.;NA_2004
1997;2342514;1202900,5;270000;млрд. руб.;NA_2004
1998;2629,623;1263,0469;270;млрд. руб.;NA_2004
1999;4823,2335;1933,6061;525;млрд. руб.;NA_2004
2000;7305,6463;2937,2299;810;млрд. руб.;NA_2004
2001;8943,5824;3848,3985;993,5;млрд. руб.;NA_2004
2002;10834,17;5047,5454;1249;млрд. руб.;NA_2004
2003;13285,2407;6132,2;1488;млрд. руб.;NA_2004
1997;2342514;1202900,5;270000;млрд. руб.;NA_2005
1998;2629,623;1263,0469;270;млрд. руб.;NA_2005
1999;4823,2335;1933,6061;525;млрд. руб.;NA_2005
2000;7305,6463;2937,2299;810;млрд. руб.;NA_2005
2001;8943,5824;3848,3985;993,5;млрд. руб.;NA_2005
2002;10817,5358;5047,5599;1249;млрд. руб.;NA_2005
2003;13201,0742;6187,1993;1488;млрд. руб.;NA_2005
2004;16778,7752;7685,2954;1963;млрд. руб.;NA_2005
1998;2629,623;1263,0469;270;млрд. руб.;NA_2006
1999;4823,2335;1933,6061;525;млрд. руб.;NA_2006
2000;7305,6463;2937,2299;810;млрд. руб.;NA_2006
2001;8943,5824;3848,3985;993,5;млрд. руб.;NA_2006
2002;10830,5351;5065,1006;1249;млрд. руб.;NA_2006
2003;13243,2397;6231,387;1496,4;млрд. руб.;NA_2006
2004;16966,4002;7757,7284;1986;млрд. руб.;NA_2006
2005;21597,968;9342,579;2546,7;млрд. руб.;NA_2006
1999;4823,2335;1933,6061;525;млрд. руб.;NA_2007
2000;7305,6463;2937,2299;810;млрд. руб.;NA_2007
2001;8943,5824;3848,3985;993,5;млрд. руб.;NA_2007
2002;10830,5351;5065,1006;1249;млрд. руб.;NA_2007
2003;13243,2398;6231,387;1496,4;млрд. руб.;NA_2007
2004;17048,1217;7845,0367;1995,1;млрд. руб.;NA_2007
2005;21620,1113;9467,5689;2551;млрд. руб.;NA_2007
2006;26781,1033;11816,1462;3184,4;млрд. руб.;NA_2007
2000;7305,6463;2937,2299;810;млрд. руб.;NA_2008
2001;8943,5824;3848,3985;993,5;млрд. руб.;NA_2008
2002;10830,5351;5065,1006;1249;млрд. руб.;NA_2008
2003;13243,2398;6231,387;1496,4;млрд. руб.;NA_2008
2004;17048,1217;7845,0367;1995,1;млрд. руб.;NA_2008
2005;21625,3722;9474,2667;2551;млрд. руб.;NA_2008
2006;26879,7621;11841,3008;3207;млрд. руб.;NA_2008
2007;32987,3747;15052,6618;3925;млрд. руб.;NA_2008
2001;8943,5824;3848,3985;993,5;млрд. руб.;NA_2009
2002;10830,5351;5065,1006;1249;млрд. руб.;NA_2009
2003;13243,2398;6231,387;1496,4;млрд. руб.;NA_2009
2004;17048,1217;7845,0367;1995,1;млрд. руб.;NA_2009
2005;21625,3722;9474,2667;2551;млрд. руб.;NA_2009
2006;26903,4938;11985,9056;3450;млрд. руб.;NA_2009
2007;33111,3818;15304,2057;4240;млрд. руб.;NA_2009
2008;41668,0338;19009,651;5225;млрд. руб.;NA_2009
2002;10819,2123;5065,1006;1249;млрд. руб.;NA_2010
2003;13208,2338;6231,3879;1496,4;млрд. руб.;NA_2010
2004;17027,1909;7845,0367;1995,1;млрд. руб.;NA_2010
2005;21609,7655;9474,2667;2551;млрд. руб.;NA_2010
2006;26917,2014;11985,9056;3450;млрд. руб.;NA_2010
2007;33247,5132;15526,1147;4450;млрд. руб.;NA_2010
2008;41428,561;19553,1489;5200;млрд. руб.;NA_2010
2009;39100,6528;20229,6903;5390;млрд. руб.;NA_2010
2003;13208,2338;6231,3879;1496,4;млрд. руб.;NA_2011
2004;17027,1909;7845,0367;1995,1;млрд. руб.;NA_2011
2005;21609,7655;9474,2667;2551;млрд. руб.;NA_2011
2006;26917,2014;11985,9056;3450;млрд. руб.;NA_2011
2007;33247,5132;15526,1147;4450;млрд. руб.;NA_2011
2008;41276,8492;19559,761;5200;млрд. руб.;NA_2011
2009;38786,3722;20494,2297;5790;млрд. руб.;NA_2011
2010;44939,1529;22640,3448;6420;млрд. руб.;NA_2011
2004;17027,1909;7845,0367;1995,1;млрд. руб.;NA_2012
2005;21609,7655;9474,2667;2551;млрд. руб.;NA_2012
2006;26917,2014;11985,9056;3450;млрд. руб.;NA_2012
2007;33247,5132;15526,1147;4450;млрд. руб.;NA_2012
2008;41276,8492;19559,761;5200;млрд. руб.;NA_2012
2009;38807,2186;20411,6144;5790;млрд. руб.;NA_2012
2010;45172,7481;22533,6823;6450;млрд. руб.;NA_2012
2011;54585,6228;27167,6489;7703;млрд. руб.;NA_2012
2005;21609,7655;9474,2667;2551;млрд. руб.;NA_2013
2006;26917,2014;11985,9056;3450;млрд. руб.;NA_2013
2007;33247,5132;15526,1147;4450;млрд. руб.;NA_2013
2008;41276,8492;19559,761;5200;млрд. руб.;NA_2013
2009;38807,2186;20411,6144;5790;млрд. руб.;NA_2013
2010;46308,5412;22995,636;6632;млрд. руб.;NA_2013
2011;55799,5726;27646,5223;7868;млрд. руб.;NA_2013
2012;62599,0573;31577,9374;9018;млрд. руб.;NA_2013
2006;26917,2014;11985,9056;3450;млрд. руб.;NA_2014
2007;33247,5132;15526,1147;4450;млрд. руб.;NA_2014
2008;41276,8492;19559,761;5200;млрд. руб.;NA_2014
2009;38807,2186;20411,6144;5790;млрд. руб.;NA_2014
2010;46308,5412;22995,636;6632;млрд. руб.;NA_2014
2011;55967,2268;27762,8022;7868;млрд. руб.;NA_2014
2012;62218,3778;31462,4869;8959;млрд. руб.;NA_2014
2013;66755,3019;34628,3942;9612;млрд. руб.;NA_2014
2007;33247,5132;15526,1147;4450;млрд. руб.;NA_2015
2008;41276,8492;19559,761;5200;млрд. руб.;NA_2015
2009;38807,2186;20411,6144;5790;млрд. руб.;NA_2015
2010;46308,5412;22995,636;6632;млрд. руб.;NA_2015
2011;55967,2268;27762,8022;7868;млрд. руб.;NA_2015
2012;62176,495;31222,5068;8739;млрд. руб.;NA_2015
2013;66190,1199;34269,0059;9350;млрд. руб.;NA_2015
2014;71406,3992;37119,2388;10161;млрд. руб.;NA_2015
2011;60282,5404;26386,6754;6466,513;млрд. руб.;NA_2017
2012;68163,8831;30201,1615;7706,849;млрд. руб.;NA_2017
2013;73133,8951;33792,2822;8839,093;млрд. руб.;NA_2017
2014;79199,6585;37387,1764;10536,077;млрд. руб.;NA_2017
2015;83232,6184;38091,4522;9660,3377;млрд. руб.;NA_2017
2016;86043,6489;40779,2886;10297,3865;млрд. руб.;NA_2017
2014;79058,484;37430,458;10555,077;млрд. руб.;NA_2019
2015;83094,3046;39745,493;11199,5884;млрд. руб.;NA_2019
2016;86014,2043;41245,3638;11192,2787;млрд. руб.;NA_2019
2017;92101,3478;43884,3198;11923,4431;млрд. руб.;NA_2019
2018;103875,8004;48244,3682;13062,5665;млрд. руб.;NA_2019
2013;72985,7011;33800,0735;8839,093;млрд. руб.;NA_2021
2014;79030,0401;37438,9617;10555,077;млрд. руб.;NA_2021
2015;83087,3601;39748,9208;11199,5884;млрд. руб.;NA_2021
2016;85616,0838;41237,4508;11192,2787;млрд. руб.;NA_2021
2017;91843,1542;43897,5364;11923,4431;млрд. руб.;NA_2021
2018;103861,6511;46415,8098;11476,8817;млрд. руб.;NA_2021
2019;109241,5364;48165,9148;10323,0434;млрд. руб.;NA_2021
2020;106967,4594;50345,915;10748,1614;млрд. руб.;NA_2021
2015;83087,3601;39748,9208;11199,5884;млрд. руб.;NA_2023
2016;85616,0838;41237,4508;11192,2787;млрд. руб.;NA_2023
2017;91843,1542;43897,5364;11923,4431;млрд. руб.;NA_2023
2018;103861,6511;46415,8098;11476,8817;млрд. руб.;NA_2023
2019;109608,3058;48383,0475;10793,0434;млрд. руб.;NA_2023
2020;107658,131;48696,7037;10288,12;млрд. руб.;NA_2023
2021;135294,9746;54703,6412;12130,9551;млрд. руб.;NA_2023
2022;153435,1528;59907,6304;12094,1224;млрд. руб.;NA_2023
2016;85616083,8;41237450,8;11192278,7;млн. руб.;NAs_08_2024
2017;91843154,2;43897536,4;11923443,1;млн. руб.;NAs_08_2024
2018;103861651,1;46415809,8;11476881,7;млн. руб.;NAs_08_2024
2019;109608305,8;48383047,5;10793043,4;млн. руб.;NAs_08_2024
2020;107658131;48696703,7;10288120;млн. руб.;NAs_08_2024
2021;135773769;54830354,8;12130955,1;млн. руб.;NAs_08_2024
2022;155188881,1;60931866,3;13317226,5;млн. руб.;NAs_08_2024
2023;172148311,9;69432095,7;13401738,9;млн. руб.;NAs_08_2024
2014;79030040,1;37438961,7;10555077;млн. руб.;NAs_08_2022
2015;83087360,1;39748920,8;11199588,4;млн. руб.;NAs_08_2022
2016;85616083,8;41237450,8;11192278,7;млн. руб.;NAs_08_2022
2017;91843154,2;43897536,4;11923443,1;млн. руб.;NAs_08_2022
2018;103861651,1;46415809,8;11476881,7;млн. руб.;NAs_08_2022
2019;109608305,8;48383047,5;10793043,4;млн. руб.;NAs_08_2022
2020;107390333,2;48897313,2;9888120;млн. руб.;NAs_08_2022
2021;131014989,3;54101599,1;11445396,7;млн. руб.;NAs_08_2022
2011;60114000,8;26385053,6;6466513;млн. руб.;NAs_07_2020
2012;68103449,6;30187193,6;7706849;млн. руб.;NAs_07_2020
2013;72985701,1;33800073,5;8839093;млн. руб.;NAs_07_2020
2014;79030040,1;37438961,8;10555077;млн. руб.;NAs_07_2020
2015;83087360,1;39748920,8;11199588,4;млн. руб.;NAs_07_2020
2016;85616083,8;41237450,8;11192278,7;млн. руб.;NAs_07_2020
2017;91843154,2;43897536,4;11923443,1;млн. руб.;NAs_07_2020
2018;104629637,7;47107278,1;12076881,7;млн. руб.;NAs_07_2020
2019;110046051,6;50321125,3;12853559;млн. руб.;NAs_07_2020
2011;60282540,4;26386675,4;6466513;млн. руб.;NAs_08_2018
2012;68163883,1;30201161,5;7706849;млн. руб.;NAs_08_2018
2013;73133895,1;33792282,2;8839093;млн. руб.;NAs_08_2018
2014;79199658,5;37387176,4;10536077;млн. руб.;NAs_08_2018
2015;83387191,7;38697771,5;10152588,4;млн. руб.;NAs_08_2018
2016;86148565,6;40941461,9;10637278,7;млн. руб.;NAs_08_2018
2017;92037175,7;43904226,5;11367991,5;млн. руб.;NAs_08_2018
2011;59698117,4;26226731,1;6306573;млн. руб.;NAs_09_2016
2012;66926863,3;29592301,5;7166849;млн. руб.;NAs_09_2016
2013;71016728,7;33143576,4;8506093;млн. руб.;NAs_09_2016
2014;77945071,5;36495892;10376077;млн. руб.;NAs_09_2016
2015;80804310,2;38131666,6;10857947,3;млн. руб.;NAs_09_2016
2000;7306;2937;810;млрд. руб.;RUS_2021
2010;46309;22996;6632;млрд. руб.;RUS_2021
2018;103862;47016;12077;млрд. руб.;RUS_2021
2019;109242;50578;12735;млрд. руб.;RUS_2021
2020;106967;52696;13098;млрд. руб.;RUS_2021
2000;7306;2937;810;млрд. руб.;RUS_2020
2005;21610;9474;2551;млрд. руб.;RUS_2020
2010;46309;22996;6632;млрд. руб.;RUS_2020
2015;83087;39749;11199;млрд. руб.;RUS_2020
2016;85616;41237;11192;млрд. руб.;RUS_2020
2017;91843;43897;11923;млрд. руб.;RUS_2020
2018;104630;48121;13090;млрд. руб.;RUS_2020
2019;110046;51409;13941;млрд. руб.;RUS_2020
2000;7306;2937;810;млрд. руб.;RUS_2019
2005;21610;9474;2551;млрд. руб.;RUS_2019
2010;46309;22996;6632;млрд. руб.;RUS_2019
2014;79058;37430;10555;млрд. руб.;RUS_2019
2015;83094;39745;11200;млрд. руб.;RUS_2019
2016;86014;41245;11192;млрд. руб.;RUS_2019
2017;92101;43884;11923;млрд. руб.;RUS_2019
2018;103876;48244;13063;млрд. руб.;RUS_2019
2000;7306;2937;810;млрд. руб.;RUS_2018
2005;21610;9474;2551;млрд. руб.;RUS_2018
2010;46309;22996;6632;млрд. руб.;RUS_2018
2013;71017;33144;8506;млрд. руб.;RUS_2018
2014;79200;37387;10536;млрд. руб.;RUS_2018
2015;83387;39110;10565;млрд. руб.;RUS_2018
2016;86149;41277;10972;млрд. руб.;RUS_2018
2017;92037;44263;11727;млрд. руб.;RUS_2018
2000;7306;2937;810;млрд. руб.;RUS_2017
2005;21610;9474;2551;млрд. руб.;RUS_2017
2010;46309;22996;6632;млрд. руб.;RUS_2017
2012;66927;29592;7167;млрд. руб.;RUS_2017
2013;71017;33144;8506;млрд. руб.;RUS_2017
2014;79200;37387;10536;млрд. руб.;RUS_2017
2015;83233;37571;9140;млрд. руб.;RUS_2017
2016;86044;40224;9742;млрд. руб.;RUS_2017
2000;7306;2937;810;млрд. руб.;RUS_2016
2005;21610;9474;2551;млрд. руб.;RUS_2016
2010;46309;22996;6632;млрд. руб.;RUS_2016
2011;59698;26227;6307;млрд. руб.;RUS_2016
2012;66927;29592;7167;млрд. руб.;RUS_2016
2013;71017;32754;8116;млрд. руб.;RUS_2016
2014;77945;36196;10076;млрд. руб.;RUS_2016
2015;80804;37820;10546;млрд. руб.;RUS_2016
2000;7306;2937;810;млрд. руб.;RUS_2015
2005;21610;9474;2551;млрд. руб.;RUS_2015
2009;38807;20412;5790;млрд. руб.;RUS_2015
2010;46309;22996;6632;млрд. руб.;RUS_2015
2011;55967;27763;7868;млрд. руб.;RUS_2015
2012;62176;31222;8739;млрд. руб.;RUS_2015
2013;66190;34269;9350;млрд. руб.;RUS_2015
2014;71406;37119;10161;млрд. руб.;RUS_2015
2000;7306;2937;810;млрд. руб.;RUS_2014
2005;21610;9474;2551;млрд. руб.;RUS_2014
2008;41277;19560;5200;млрд. руб.;RUS_2014
2009;38807;20412;5790;млрд. руб.;RUS_2014
2010;46309;22996;6632;млрд. руб.;RUS_2014
2011;55967;27763;7868;млрд. руб.;RUS_2014
2012;62218;31462;8959;млрд. руб.;RUS_2014
2013;66755;34628;9612;млрд. руб.;RUS_2014
2000;7306;2937;810;млрд. руб.;RUS_2013
2005;21610;9474;2551;млрд. руб.;RUS_2013
2007;33248;15526;4450;млрд. руб.;RUS_2013
2008;41277;19560;5200;млрд. руб.;RUS_2013
2009;38807;20412;5790;млрд. руб.;RUS_2013
2010;46309;22996;6632;млрд. руб.;RUS_2013
2011;55800;27647;7868;млрд. руб.;RUS_2013
2012;62599;31578;9018;млрд. руб.;RUS_2013
1995;1429;648;110;трлн. руб.;RUS_2012
2000;7306;2937;810;млрд. руб.;RUS_2012
2005;21610;9474;2551;млрд. руб.;RUS_2012
2007;33248;15526;4450;млрд. руб.;RUS_2012
2008;41277;19560;5200;млрд. руб.;RUS_2012
2009;38807;20412;5790;млрд. руб.;RUS_2012
2010;45173;22534;6450;млрд. руб.;RUS_2012
2011;54586;27168;7703;млрд. руб.;RUS_2012
1995;1429;648;110;трлн. руб.;RUS_2011
2000;7306;2937;810;млрд. руб.;RUS_2011
2005;21610;9474;2551;млрд. руб.;RUS_2011
2006;26917;11986;3450;млрд. руб.;RUS_2011
2007;33248;15526;4450;млрд. руб.;RUS_2011
2008;41277;19560;5200;млрд. руб.;RUS_2011
2009;38786;20494;5790;млрд. руб.;RUS_2011
2010;44939;22640;6420;млрд. руб.;RUS_2011
1995;1429;648;110;трлн. руб.;RUS_2010
2000;7306;2937;810;млрд. руб.;RUS_2010
2003;13243;6231;1496;млрд. руб.;RUS_2010
2004;17048;7845;1995;млрд. руб.;RUS_2010
2005;21625;9474;2551;млрд. руб.;RUS_2010
2006;26903;11986;3450;млрд. руб.;RUS_2010
2007;33258;15527;4450;млрд. руб.;RUS_2010
2008;41445;19552;5200;млрд. руб.;RUS_2010
2009;39064;20229;5390;млрд. руб.;RUS_2010
1995;1429;648;110;трлн. руб.;RUS_2009
2000;7306;2937;810;млрд. руб.;RUS_2009
2002;10831;5065;1249;млрд. руб.;RUS_2009
2003;13243;6231;1496;млрд. руб.;RUS_2009
2004;17048;7845;1995;млрд. руб.;RUS_2009
2005;21625;9474;2551;млрд. руб.;RUS_2009
2006;26904;11986;3450;млрд. руб.;RUS_2009
2007;33111;15304;4240;млрд. руб.;RUS_2009
2008;41668;19010;5225;млрд. руб.;RUS_2009
1995;1429;648;110;трлн. руб.;RUS_2008
2000;7306;2937;810;млрд. руб.;RUS_2008
2001;8944;3848;993;млрд. руб.;RUS_2008
2002;10831;5065;1249;млрд. руб.;RUS_2008
2003;13243;6231;1496;млрд. руб.;RUS_2008
2004;17048;7845;1995;млрд. руб.;RUS_2008
2005;21625;9474;2551;млрд. руб.;RUS_2008
2006;26880;11841;3207;млрд. руб.;RUS_2008
2007;32987;15053;3925;млрд. руб.;RUS_2008
1995;1429;648;110;трлн. руб.;RUS_2007
2000;7306;2937;810;млрд. руб.;RUS_2007
2001;8944;3848;993;млрд. руб.;RUS_2007
2002;10831;5065;1249;млрд. руб.;RUS_2007
2003;13243;6231;1496;млрд. руб.;RUS_2007
2004;17048;7845;1995;млрд. руб.;RUS_2007
2005;21620;9468;2551;млрд. руб.;RUS_2007
2006;26781;11816;3184;млрд. руб.;RUS_2007
1995;1429;648;110;трлн. руб.;RUS_2006
2000;7306;2937;810;млрд. руб.;RUS_2006
2001;8944;3848;993;млрд. руб.;RUS_2006
2002;10831;5065;1249;млрд. руб.;RUS_2006
2003;13243;6231;1496;млрд. руб.;RUS_2006
2004;16966;7757;1985;млрд. руб.;RUS_2006
2005;21598;9343;2547;млрд. руб.;RUS_2006
1995;1429;648;110;трлн. руб.;RUS_2005
2000;7306;2937;810;млрд. руб.;RUS_2005
2001;8944;3848;993;млрд. руб.;RUS_2005
2002;10818;5047;1249;млрд. руб.;RUS_2005
2003;13201;6187;1488;млрд. руб.;RUS_2005
2004;16779;7685;1963;млрд. руб.;RUS_2005
1995;1429;648;110;трлн. руб.;RUS_2004
1998;2630;1263;270;млрд. руб.;RUS_2004
1999;4823;1933;525;млрд. руб.;RUS_2004
2000;7306;2937;810;млрд. руб.;RUS_2004
2001;8944;3848;993;млрд. руб.;RUS_2004
2002;10834;5048;1249;млрд. руб.;RUS_2004
2003;13285;6132;1488;млрд. руб.;RUS_2004
1995;1429;648;110;трлн. руб.;RUS_2003
1997;2343;1202;270;трлн. руб.;RUS_2003
1998;2630;1263;270;млрд. руб.;RUS_2003
1999;4823;1933;525;млрд. руб.;RUS_2003
2000;7306;2937;810;млрд. руб.;RUS_2003
2001;9039;3860;1004;млрд. руб.;RUS_2003
2002;10863;5012;1249;млрд. руб.;RUS_2003
1995;1540;696;160;трлн. руб.;RUS_2002
1996;2146;1065;250;трлн. руб.;RUS_2002
1997;2479;1239;290;трлн. руб.;RUS_2002
1998;2741;1292;277;млрд. руб.;RUS_2002
1999;4767;1934;525;млрд. руб.;RUS_2002
2000;7302;2936;810;млрд. руб.;RUS_2002
2001;9041;4069;1003;млрд. руб.;RUS_2002
1995;1540;696;160;трлн. руб.;RUS_2001
1996;2146;1065;250;трлн. руб.;RUS_2001
1997;2479;1239;290;трлн. руб.;RUS_2001
1998;2741;1292;277;млрд. руб.;RUS_2001
1999;4757;1947;525;млрд. руб.;RUS_2001
2000;7063;2822;782;млрд. руб.;RUS_2001
1993;172;76;9;трлн. руб.;RUS_2000
1994;611;301;52;трлн. руб.;RUS_2000
1995;1540;696;160;трлн. руб.;RUS_2000
1996;2146;1065;250;трлн. руб.;RUS_2000
1997;2479;1239;290;трлн. руб.;RUS_2000
1998;2696;1283;269;млрд. руб.;RUS_2000
1999;4545;1923;491;млрд. руб.;RUS_2000
1993;171509,5;76346,2;9100;млрд. руб.;RUS_1998
1994;610745,2;300997,6;52000;млрд. руб.;RUS_1998
1995;1585025,8;695804,4;160000;млрд. руб.;RUS_1998
1996;2200225,3;1032508,9;250000;млрд. руб.;RUS_1998
1997;2602270,9;1207744,3;287000;млрд. руб.;RUS_1998
1995;1428522,1;647875,8;110000;млрд. руб.;YEARBOOK_2003
1996;2007825,1;1022643,3;220000;млрд. руб.;YEARBOOK_2003
1997;2342514;1202900,5;270000;млрд. руб.;YEARBOOK_2003
1998;2629623;1263046,9;270000;млн. руб.;YEARBOOK_2003
1999;4823233,5;1933606,1;525000;млн. руб.;YEARBOOK_2003
2000;7305646,3;2937229,9;810000;млн. руб.;YEARBOOK_2003
2001;9039440,6;3860412,6;1004000;млн. руб.;YEARBOOK_2003
2002;10863361,6;5010509,5;1249000;млн. руб.;YEARBOOK_2003
1995;1428522;647876;110000;млрд. руб.;YEARBOOK_2004
1996;2007825;1022643;220000;млрд. руб.;YEARBOOK_2004
1997;2342514;1202901;270000;млрд. руб.;YEARBOOK_2004
1998;2629623;1263047;270000;млн. руб.;YEARBOOK_2004
1999;4823234;1933606;525000;млн. руб.;YEARBOOK_2004
2000;7305646;2937230;810000;млн. руб.;YEARBOOK_2004
2001;8943582;3848399;993500;млн. руб.;YEARBOOK_2004
2002;10834170;5047545;1249000;млн. руб.;YEARBOOK_2004
2003;13285241;6132200;1488000;млн. руб.;YEARBOOK_2004
1995;1428522;647876;110000;млрд. руб.;YEARBOOK_2005
1996;2007825;1022643;220000;млрд. руб.;YEARBOOK_2005
1997;2342514;1202901;270000;млрд. руб.;YEARBOOK_2005
1998;2629623;1263047;270000;млн. руб.;YEARBOOK_2005
1999;4823234;1933606;525000;млн. руб.;YEARBOOK_2005
2000;7305646;2937230;810000;млн. руб.;YEARBOOK_2005
2001;8943582;3848399;993500;млн. руб.;YEARBOOK_2005
2002;10830535;5065101;1249000;млн. руб.;YEARBOOK_2005
2003;13243240;6223712;1496400;млн. руб.;YEARBOOK_2005
2004;16751532;7661283;1963000;млн. руб.;YEARBOOK_2005
1995;1428522;647876;110000;млрд. руб.;YEARBOOK_2006
2000;7305646;2937230;810000;млн. руб.;YEARBOOK_2006
2001;8943582;3848399;993500;млн. руб.;YEARBOOK_2006
2002;10830535;5065101;1249000;млн. руб.;YEARBOOK_2006
2003;13243240;6231387;1496400;млн. руб.;YEARBOOK_2006
2004;16966400;7757729;1986000;млн. руб.;YEARBOOK_2006
2005;21597968;9342579;2546700;млн. руб.;YEARBOOK_2006
1995;1428522;647876;110000;млрд. руб.;YEARBOOK_2007
2000;7305646;2937230;810000;млн. руб.;YEARBOOK_2007
2001;8943582;3848399;993500;млн. руб.;YEARBOOK_2007
2002;10830535;5065101;1249000;млн. руб.;YEARBOOK_2007
2003;13243240;6231387;1496400;млн. руб.;YEARBOOK_2007
2004;17048122;7845037;1995100;млн. руб.;YEARBOOK_2007
2005;21620111;9467569;2551000;млн. руб.;YEARBOOK_2007
2006;26781103;11816146;3184400;млн. руб.;YEARBOOK_2007
1995;1428522;647876;110000;млрд. руб.;YEARBOOK_2008
2000;7305646;2937230;810000;млн. руб.;YEARBOOK_2008
2001;8943582;3848399;993500;млн. руб.;YEARBOOK_2008
2002;10830535;5065101;1249000;млн. руб.;YEARBOOK_2008
2003;13243240;6231387;1496400;млн. руб.;YEARBOOK_2008
2004;17048122;7845037;1995100;млн. руб.;YEARBOOK_2008
2005;21625372;9474267;2551000;млн. руб.;YEARBOOK_2008
2006;26879762;11841301;3207000;млн. руб.;YEARBOOK_2008
2007;32987375;15052662;3925000;млн. руб.;YEARBOOK_2008
1995;1428522;647876;110000;млрд. руб.;YEARBOOK_2009
2000;7305646;2937230;810000;млн. руб.;YEARBOOK_2009
2001;8943582;3848399;993500;млн. руб.;YEARBOOK_2009
2002;10830535;5065101;1249000;млн. руб.;YEARBOOK_2009
2003;13243240;6231387;1496400;млн. руб.;YEARBOOK_2009
2004;17048122;7845037;1995100;млн. руб.;YEARBOOK_2009
2005;21625372;9474267;2551000;млн. руб.;YEARBOOK_2009
2006;26903494;11985906;3450000;млн. руб.;YEARBOOK_2009
2007;33111382;15304206;4240000;млн. руб.;YEARBOOK_2009
2008;41668034;19009651;5225000;млн. руб.;YEARBOOK_2009
1995;1428522;647876;110000;млрд. руб.;YEARBOOK_2010
2000;7305646;2937230;810000;млн. руб.;YEARBOOK_2010
2002;10819212;5065101;1249000;млн. руб.;YEARBOOK_2010
2003;13208234;6231388;1496400;млн. руб.;YEARBOOK_2010
2004;17027191;7845037;1995100;млн. руб.;YEARBOOK_2010
2005;21609766;9474267;2551000;млн. руб.;YEARBOOK_2010
2006;26917201;11985906;3450000;млн. руб.;YEARBOOK_2010
2007;33247513;15526115;4450000;млн. руб.;YEARBOOK_2010
2008;41428561;19553149;5200000;млн. руб.;YEARBOOK_2010
2009;39100653;20229690;5390000;млн. руб.;YEARBOOK_2010
1995;1428522;647876;110000;млрд. руб.;YEARBOOK_2011
2000;7305646;2937230;810000;млн. руб.;YEARBOOK_2011
2005;21609766;9474267;2551000;млн. руб.;YEARBOOK_2011
2006;26917201;11985906;3450000;млн. руб.;YEARBOOK_2011
2007;33247513;15526115;4450000;млн. руб.;YEARBOOK_2011
2008;41276849;19559761;5200000;млн. руб.;YEARBOOK_2011
2009;38786372;20494230;5790000;млн. руб.;YEARBOOK_2011
2010;44939153;22640345;6420000;млн. руб.;YEARBOOK_2011
2000;7305646;2937230;810000;млн. руб.;YEARBOOK_2012
2005;21609766;9474267;2551000;млн. руб.;YEARBOOK_2012
2006;26917201;11985906;3450000;млн. руб.;YEARBOOK_2012
2007;33247513;15526115;4450000;млн. руб.;YEARBOOK_2012
2008;41276849;19559761;5200000;млн. руб.;YEARBOOK_2012
2009;38807219;20411614;5790000;млн. руб.;YEARBOOK_2012
2010;45172748;22533682;6450000;млн. руб.;YEARBOOK_2012
2011;54585623;27167649;7703000;млн. руб.;YEARBOOK_2012
2000;7305646;2937230;810000;млн. руб.;YEARBOOK_2013
2005;21609766;9474267;2551000;млн. руб.;YEARBOOK_2013
2010;46308541;22995636;6632000;млн. руб.;YEARBOOK_2013
2011;55799573;27646522;7868000;млн. руб.;YEARBOOK_2013
2012;62599057;31577937;9018000;млн. руб.;YEARBOOK_2013
2000;7305646;2937230;810000;млн. руб.;YEARBOOK_2014
2005;21609766;9474267;2551000;млн. руб.;YEARBOOK_2014
2010;46308541;22995636;6632000;млн. руб.;YEARBOOK_2014
2011;55967227;27762802;7868000;млн. руб.;YEARBOOK_2014
2012;62218378;31462487;8959000;млн. руб.;YEARBOOK_2014
2013;66755302;34628394;9612000;млн. руб.;YEARBOOK_2014
2000;7305646;2937230;810000;млн. руб.;YEARBOOK_2015
2005;21609766;9474267;2551000;млн. руб.;YEARBOOK_2015
2010;46308541;22995636;6632000;млн. руб.;YEARBOOK_2015
2011;55967227;27762802;7868000;млн. руб.;YEARBOOK_2015
2012;62176495;31222507;8739000;млн. руб.;YEARBOOK_2015
2013;66190120;34269006;9350000;млн. руб.;YEARBOOK_2015
2014;71406399;37119239;10161000;млн. руб.;YEARBOOK_2015
2000;7305646;2937230;810000;млн. руб.;YEARBOOK_2016
2011;59698117;26226731;6306573;млн. руб.;YEARBOOK_2016
2012;66926863;29592302;7166849;млн. руб.;YEARBOOK_2016
2013;71016729;33143576;8506093;млн. руб.;YEARBOOK_2016
2014;77945072;36495892;10376077;млн. руб.;YEARBOOK_2016
2015;80804310;38131667;10857947;млн. руб.;YEARBOOK_2016
2011;60282540;26386675;6466513;млн. руб.;YEARBOOK_2017
2014;79199659;37387176;10536077;млн. руб.;YEARBOOK_2017
2015;83232618;38091452;9660338;млн. руб.;YEARBOOK_2017
2016;86043649;40779289;10297387;млн. руб.;YEARBOOK_2017
2011;60282540;26386675;6466513;млн. руб.;YEARBOOK_2018
2015;83387192;38697772;10152588;млн. руб.;YEARBOOK_2018
2016;86148566;40941462;10637279;млн. руб.;YEARBOOK_2018
2017;92037176;43904227;11367992;млн. руб.;YEARBOOK_2018
2011;60282540;26386675;6466513;млн. руб.;YEARBOOK_2019
2016;86014204;41245364;11192279;млн. руб.;YEARBOOK_2019
2017;92101348;43884320;11923443;млн. руб.;YEARBOOK_2019
2018;103875800;48244368;13062566;млн. руб.;YEARBOOK_2019
2011;60114001;26385054;6466513;млн. руб.;YEARBOOK_2020
2017;91843154;43897536;11923443;млн. руб.;YEARBOOK_2020
2018;104629638;47107278;12076882;млн. руб.;YEARBOOK_2020
2019;110046052;50321125;12853559;млн. руб.;YEARBOOK_2020
2011;60114001;26385054;6466513;млн. руб.;YEARBOOK_2021
2018;103861651;46415810;11476882;млн. руб.;YEARBOOK_2021
2019;109241536;48165915;10323043;млн. руб.;YEARBOOK_2021
2020;106967459;50345915;10748161;млн. руб.;YEARBOOK_2021
2011;60114001;26385054;6466513;млн. руб.;YEARBOOK_2022
2019;109608306;48383048;10793043;млн. руб.;YEARBOOK_2022
2020;107390333;48897313;9888120;млн. руб.;YEARBOOK_2022
2021;131014989;54101599;11445397;млн. руб.;YEARBOOK_2022
2011;60114001;26385054;6466513;млн. руб.;YEARBOOK_2023
2020;107658131;48696704;10288120;млн. руб.;YEARBOOK_2023
2021;135294975;54703641;12130955;млн. руб.;YEARBOOK_2023
2022;153435153;59907630;12094122;млн. руб.;YEARBOOK_2023
1990;644,2;314,4;;млрд. руб.;YEARBOOK_1997
1991;1398,5;610,9;;млрд. руб.;YEARBOOK_1997
1992;19005,5;6979,4;;млрд. руб.;YEARBOOK_1997
1993;171509,5;76346,2;9100;млрд. руб.;YEARBOOK_1997
1994;610745,2;300997,6;52000;млрд. руб.;YEARBOOK_1997
1995;1630078,9;707888,6;170000;млрд. руб.;YEARBOOK_1997
1996;2256120,7;1034928,7;250000;млрд. руб.;YEARBOOK_1997
1991;1398,5;610,9;;млрд. руб.;YEARBOOK_1999
1992;19005,5;6979,4;;млрд. руб.;YEARBOOK_1999
1993;171509,5;76346,2;9100;млрд. руб.;YEARBOOK_1999
1994;610745,2;300997,6;52000;млрд. руб.;YEARBOOK_1999
1995;1540492,8;695804,4;160000;млрд. руб.;YEARBOOK_1999
1996;2145655,5;1064174,5;250000;млрд. руб.;YEARBOOK_1999
1997;2521941,5;1242155,7;300000;млрд. руб.;YEARBOOK_1999
1998;2684538,6;1323403,5;319000;млн. руб.;YEARBOOK_1999
1991;1398,5;610,9;;млрд. руб.;YEARBOOK_2000
1992;19005,5;6979,4;;млрд. руб.;YEARBOOK_2000
1993;171509,5;76346,2;9100;млрд. руб.;YEARBOOK_2000
1994;610745,2;300997,6;52000;млрд. руб.;YEARBOOK_2000
1995;1540492,8;695804,4;160000;млрд. руб.;YEARBOOK_2000
1996;2145655,5;1064174,5;250000;млрд. руб.;YEARBOOK_2000
1997;2478594,1;1238895;290000;млрд. руб.;YEARBOOK_2000
1998;2696354,8;1282950,2;269000;млн. руб.;YEARBOOK_2000
1999;4545489,5;1923158,1;491000;млн. руб.;YEARBOOK_2000
1991;1398,5;610,9;;млрд. руб.;YEARBOOK_2002
1995;1540492,8;695804,4;160000;млрд. руб.;YEARBOOK_2002
1996;2145655,5;1064174,5;250000;млрд. руб.;YEARBOOK_2002
1997;2478594,1;1238895;290000;млрд. руб.;YEARBOOK_2002
1998;2741051,2;1292706,9;277000;млн. руб.;YEARBOOK_2002
1999;4766834,5;1933845,6;525000;млн. руб.;YEARBOOK_2002
2000;7302233,4;2936393,5;810000;млн. руб.;YEARBOOK_2002
2001;9040821;4069112,7;1002800;млн. руб.;YEARBOOK_2002
1991;1398,5;610,9;;млрд. руб.;YEARBOOK_2001
1992;19005,5;6979,4;;млрд. руб.;YEARBOOK_2001
1993;171509,5;76346,2;9100;млрд. руб.;YEARBOOK_2001
1994;610745,2;300997,6;52000;млрд. руб.;YEARBOOK_2001
1995;1540492,8;695804,4;160000;млрд. руб.;YEARBOOK_2001
1996;2145655,5;1064174,5;250000;млрд. руб.;YEARBOOK_2001
1997;2478594,1;1238895;290000;млрд. руб.;YEARBOOK_2001
1998;2741051,2;1292706,9;277000;млн. руб.;YEARBOOK_2001
1999;4757233,7;1947821,2;525000;млн. руб.;YEARBOOK_2001
2000;7063392,8;2821460,8;782000;млн. руб.;YEARBOOK_2001
1991;1398,5;610,9;;трлн. руб.;NA_1999
1992;19005,5;6979,4;;трлн. руб.;NA_1999
1993;171509,5;76346,2;9100;трлн. руб.;NA_1999
1994;610745,2;300997,6;52000;трлн. руб.;NA_1999
1995;1540492,8;695804,4;160000;трлн. руб.;NA_1999
1996;2145655,5;1064174,5;250000;трлн. руб.;NA_1999
1997;2521941,5;1242155,7;300000;трлн. руб.;NA_1999
1998;2684538,6;1323403,5;319000;млн. руб.;NA_1999
2011;60114001;26385054;6466513;млн. руб.;YEARBOOK_2024
2021;135773769;54830355;11750000;млн. руб.;YEARBOOK_2024
2022;155188881;60931866;12820000;млн. руб.;YEARBOOK_2024
2023;172148312;69432096;12800000;млн. руб.;YEARBOOK_2024
