Year;Month;Общее число владельцев предприятий и индивидуально работающих, включая самозанятых.;без регистрации или оформления документов;с регистрацией предприятия в качестве юридического лица;с регистрацией предприятия в качестве инливид.предпринимател;регистрация деятельности в стадии оформления;с регистрацией в качестве самозанятого;Source
2010;1;2822,880062;706,1242285;297,4943683;1769,696246;49,56521976;;ors_old_2010_2016
2010;2;2752,131225;668,520802;331,5020085;1677,433736;74,67467845;;ors_old_2010_2016
2010;3;2580,739695;602,2923898;262,2482777;1646,603544;69,59548379;;ors_old_2010_2016
2010;4;2890,161161;753,1604378;287,2571886;1779,047245;70,69629008;;ors_old_2010_2016
2010;5;2754,239969;756,9969934;269,6268826;1645,908933;81,70715951;;ors_old_2010_2016
2010;6;2720,982587;845,077916;220,6093477;1588,844316;66,451007;;ors_old_2010_2016
2010;7;2930,517939;814,847443;257,5734879;1813,305448;44,79155907;;ors_old_2010_2016
2010;8;2931,395779;727,7255039;278,3721966;1839,515131;85,78294767;;ors_old_2010_2016
2010;9;2800,317934;795,8347486;242,338051;1677,718899;84,42623544;;ors_old_2010_2016
2010;10;2712,072251;764,389534;243,3813588;1661,07672;43,22463766;;ors_old_2010_2016
2010;11;2768,055908;701,4288535;266,475147;1765,279087;34,87282021;;ors_old_2010_2016
2010;12;2709,468484;645,4608424;278,9440538;1742,315653;42,74793464;;ors_old_2010_2016
2011;1;3005,263863;892,3048043;251,1475982;1797,945651;63,86580945;;ors_old_2010_2016
2011;2;3103,969082;791,3211424;287,0409031;1950,735592;74,87144496;;ors_old_2010_2016
2011;3;2967,689888;800,0018804;240,326749;1879,057685;48,30357425;;ors_old_2010_2016
2011;4;2990,204602;729,5080065;247,6992145;1927,272741;85,72464077;;ors_old_2010_2016
2011;5;3000,807107;767,9367213;272,2887542;1903,791307;56,79032454;;ors_old_2010_2016
2011;6;3004,092451;852,2298114;241,7717185;1841,607936;68,4829856;;ors_old_2010_2016
2011;7;3207,30837;973,1711883;233,0307246;1964,279147;36,82731054;;ors_old_2010_2016
2011;8;2983,534749;791,9116276;249,2519281;1873,827556;68,54363719;;ors_old_2010_2016
2011;9;3024,525853;726,3112623;261,2566933;1970,364267;66,59363042;;ors_old_2010_2016
2011;10;2985,853798;790,7492313;250,861328;1892,54002;51,70321856;;ors_old_2010_2016
2011;11;2890,013488;771,097909;216,9519767;1859,255131;42,70847144;;ors_old_2010_2016
2011;12;3006,980802;756,3633425;211,0110848;1959,918516;79,68785884;;ors_old_2010_2016
2012;1;3076,617893;736,4502099;279,7832623;2006,930939;53,45348082;;ors_old_2010_2016
2012;2;2733,902394;663,4109483;322,0926964;1707,239037;41,15971235;;ors_old_2010_2016
2012;3;2851,984984;687,420785;287,3832793;1816,677981;60,50293884;;ors_old_2010_2016
2012;4;2932,789721;696,4123228;291,4920541;1880,454427;64,43091699;;ors_old_2010_2016
2012;5;2939,291107;759,1009691;251,6945193;1875,916784;52,57883497;;ors_old_2010_2016
2012;6;2840,819644;853,0854312;297,1609908;1635,456092;55,11712913;;ors_old_2010_2016
2012;7;2956,70951;793,456707;318,4139286;1798,371253;46,46762167;;ors_old_2010_2016
2012;8;2932,40426;691,4860072;316,3735942;1870,350735;54,19392366;;ors_old_2010_2016
2012;9;2819,073072;699,7050069;232,6059856;1841,90758;44,854499;;ors_old_2010_2016
2012;10;2985,290082;769,819637;326,1917958;1836,190191;53,08845772;;ors_old_2010_2016
2012;11;2889,887886;664,1102717;244,1515337;1924,697537;56,9285434;;ors_old_2010_2016
2012;12;2965,159556;829,4171241;232,9243481;1858,530651;44,28743312;;ors_old_2010_2016
2013;1;2948,482669;856,6324559;122,1318283;1884,078015;85,64036948;;ors_old_2010_2016
2013;2;3051,201337;828,9193443;126,0618543;2040,072273;56,14786541;;ors_old_2010_2016
2013;3;2903,728684;893,6112852;148,9327386;1809,921261;51,26339967;;ors_old_2010_2016
2013;4;2995,63724;838,9541335;155,6116327;1925,962541;75,1089327;;ors_old_2010_2016
2013;5;3067,476658;784,7538562;167,2961905;2048,728628;66,69798315;;ors_old_2010_2016
2013;6;3215,075546;869,6982831;152,1375748;2123,701316;69,53837218;;ors_old_2010_2016
2013;7;3156,195827;849,8725563;141,2294647;2073,697431;91,39637554;;ors_old_2010_2016
2013;8;3206,997891;977,0955888;131,4612156;1987,848064;110,5930218;;ors_old_2010_2016
2013;9;3182,192646;956,7573834;137,0636093;2013,345945;75,0257088;;ors_old_2010_2016
2013;10;3466,411037;1020,124121;175,3399898;2167,935693;103,0112327;;ors_old_2010_2016
2013;11;3310,628932;771,9649942;146,6780103;2279,513304;112,4726236;;ors_old_2010_2016
2013;12;3224,674277;839,9901735;140,344059;2188,084853;56,25519153;;ors_old_2010_2016
2014;1;3183,923359;827,2109322;122,1189697;2152,124618;82,46883861;;ors_old_2010_2016
2014;2;3326,033514;867,8999348;143,2546554;2209,650812;105,2281118;;ors_old_2010_2016
2014;3;3018,297366;854,7333913;110,7258873;1971,96315;80,87493749;;ors_old_2010_2016
2014;4;3243,499161;868,5627339;144,4239178;2161,051446;69,46106329;;ors_old_2010_2016
2014;5;3381,654008;954,1498784;167,4900523;2165,956924;94,05715298;;ors_old_2010_2016
2014;6;3366,053413;1005,49671;158,685747;2134,711733;67,15922328;;ors_old_2010_2016
2014;7;3196,488187;994,0225608;154,7589163;1976,349309;71,35740097;;ors_old_2010_2016
2014;8;3201,519137;947,5714394;122,9265167;2053,953166;77,06801505;;ors_old_2010_2016
2014;9;3176,083379;864,3273745;162,405936;2055,962886;93,3871822;;ors_old_2010_2016
2014;10;3263,613506;881,116094;124,4244475;2167,826131;90,24683302;;ors_old_2010_2016
2014;11;3152,974856;814,1619587;119,804964;2088,454141;130,5537925;;ors_old_2010_2016
2014;12;2924,929034;898,3786868;93,94774791;1867,043458;65,55914127;;ors_old_2010_2016
2015;1;3307,326611;908,7491044;119,9351403;2175,519052;103,1233138;;ors_old_2010_2016
2015;2;3289,408598;866,9518827;113,5567763;2214,594019;94,30591992;;ors_old_2010_2016
2015;3;3129,451908;873,0408213;116,8672036;2063,896846;75,64703643;;ors_old_2010_2016
2015;4;3099,273298;876,884987;106,4350932;2051,386702;64,56651489;;ors_old_2010_2016
2015;5;3520,710826;1063,943173;144,6734713;2228,4159;83,67828231;;ors_old_2010_2016
2015;6;3149,093637;950,8831296;104,0024265;2035,289365;58,91871625;;ors_old_2010_2016
2015;7;3271,352381;936,966461;89,07904918;2168,905385;76,40148575;;ors_old_2010_2016
2015;8;3091,300274;965,3572209;110,5426418;1929,370379;86,03003232;;ors_old_2010_2016
2015;9;3321,104518;1069,840618;128,6064035;2079,295434;43,36206228;;ors_old_2010_2016
2015;10;3227,392337;984,2845662;137,0835786;2056,850977;49,17321561;;ors_old_2010_2016
2015;11;3367,756328;918,5761464;113,9779791;2279,708848;55,49335494;;ors_old_2010_2016
2015;12;3246,04035;834,136918;123,2844489;2224,622635;63,99634795;;ors_old_2010_2016
2016;1;3262,976758;987,7657906;101,1656394;2097,041401;77,00392691;;ors_old_2010_2016
2016;2;3373,939392;1001,713863;144,5267067;2150,308503;77,39031855;;ors_old_2010_2016
2016;3;3396,817582;948,231816;118,7792338;2239,30289;90,50364233;;ors_old_2010_2016
2016;4;3451,499695;1052,682;99,59672978;2225,301206;73,91975908;;ors_old_2010_2016
2016;5;3467,705684;921,359695;194,8317929;2272,792481;78,72171549;;ors_old_2010_2016
2016;6;3489,634938;1035,100835;111,2729646;2284,690697;58,57044161;;ors_old_2010_2016
2016;7;3392,044477;955,2056817;182,7498115;2186,644894;67,44409016;;ors_old_2010_2016
2016;8;3336,560663;943,7468531;112,7297481;2227,323262;52,7608001;;ors_old_2010_2016
2016;9;3286,338413;786,1397399;146,768064;2280,622717;72,80789206;;ors_old_2010_2016
2016;10;3362,594854;967,2280797;105,4473532;2192,27612;97,64330115;;ors_old_2010_2016
2016;11;3353,515634;910,222461;115,4958997;2245,667813;82,12946004;;ors_old_2010_2016
2016;12;3241,290719;998,6666759;127,6576176;2052,88491;62,0815156;;ors_old_2010_2016
2017;1;3489,480883;1114,40115;128,963807;2160,175386;85,94053939;;ors_old_2017_2019
2017;2;3020,518752;869,8007751;106,4192502;1985,510035;58,78869176;;ors_old_2017_2019
2017;3;3234,552019;955,9020723;119,2218901;2077,140217;82,28783949;;ors_old_2017_2019
2017;4;3284,629332;955,5946251;156,3095893;2097,871873;74,85324436;;ors_old_2017_2019
2017;5;3208,083597;948,9881805;108,1746694;2068,980362;81,94038573;;ors_old_2017_2019
2017;6;3365,840858;953,9300404;90,52767809;2264,026281;57,35685868;;ors_old_2017_2019
2017;7;3514,345724;1091,918413;94,26591006;2265,023957;63,13744336;;ors_old_2017_2019
2017;8;3313,648091;1030,055019;112,0000514;2098,304866;73,28815423;;ors_old_2017_2019
2017;9;3495,023271;1160,743911;118,4822534;2176,457597;39,33950945;;ors_old_2017_2019
2017;10;3522,227001;1185,147097;105,8959617;2190,043017;41,14092461;;ors_old_2017_2019
2017;11;3606,62919;1096,804585;125,9372433;2328,379344;55,50801803;;ors_old_2017_2019
2017;12;3555,662424;1072,67528;90,66417033;2354,848484;37,47449;;ors_old_2017_2019
2018;1;3355,383225;1071,589686;100,3067707;2147,564302;35,92246592;;ors_old_2017_2019
2018;2;3518,207499;1102,969671;118,6999973;2213,510953;83,02687748;;ors_old_2017_2019
2018;3;3667,547122;1075,892773;74,53668362;2472,124538;44,9931276;;ors_old_2017_2019
2018;4;3508,709143;1108,744781;94,34714011;2242,349815;63,26740769;;ors_old_2017_2019
2018;5;3708,948251;1136,186778;100,1463863;2413,187676;59,4274104;;ors_old_2017_2019
2018;6;3629,449189;1110,793999;99,05690424;2380,637531;38,96075447;;ors_old_2017_2019
2018;7;3445,957876;1061,196618;126,6519038;2218,166027;39,94332708;;ors_old_2017_2019
2018;8;3481,934086;1117,434145;93,86960551;2214,702814;55,92752221;;ors_old_2017_2019
2018;9;3397,462808;988,3943843;105,2637301;2278,349569;25,45512509;;ors_old_2017_2019
2018;10;3497,099571;1054,538092;106,5168322;2286,508474;49,5361732;;ors_old_2017_2019
2018;11;3644,137068;1272,646487;65,668502;2238,90276;66,91931792;;ors_old_2017_2019
2018;12;3279,309698;1014,878136;125,9007705;2104,463597;34,06719406;;ors_old_2017_2019
2019;1;3354,029745;1028,205375;82,39577621;2149,396144;94,03244904;;ors_old_2017_2019
2019;2;3342,760985;1058,10564;87,39448806;2113,408897;83,85195969;;ors_old_2017_2019
2019;3;3666,312615;1134,457487;82,05433858;2390,475025;59,32576539;;ors_old_2017_2019
2019;4;3517,645393;1048,304131;151,3681835;2265,554576;52,41850173;;ors_old_2017_2019
2019;5;3437,565078;1103,329191;121,8473584;2168,987254;43,4012747;;ors_old_2017_2019
2019;6;3598,555284;1219,932696;118,1139501;2209,847649;50,66098932;;ors_old_2017_2019
2019;7;3383,304913;1223,857093;118,6101882;1979,522378;61,31525326;;ors_old_2017_2019
2019;8;3651,795505;1371,558118;138,7283567;2103,196265;38,31276551;;ors_old_2017_2019
2019;9;3502,478185;1130,346547;128,3597283;2199,653823;44,11808607;;ors_old_2017_2019
2019;10;3639,942247;1309,826718;118,8019469;2162,424653;48,88892925;;ors_old_2017_2019
2019;11;3524,710419;1189,915358;110,2609615;2169,498504;55,03559624;;ors_old_2017_2019
2019;12;3402,232769;1111,788525;120,8822017;2124,959527;44,6025155;;ors_old_2017_2019
2020;1;3262,42655;1122,144266;69,56541931;2021,020047;49,69681774;;ors_old_2020_2021
2020;2;3199,268133;1102,721973;114,5271628;1933,053846;48,96514997;;ors_old_2020_2021
2020;3;3417,537967;1134,036423;131,0540753;2066,637807;85,80966125;;ors_old_2020_2021
2020;4;3573,479173;1025,261181;196,2699511;2310,041396;41,90664538;;ors_old_2020_2021
2020;5;3608,250746;1019,086695;155,8089562;2370,492814;62,86228058;;ors_old_2020_2021
2020;6;3536,458856;1141,095969;125,8399846;2203,298448;66,22445455;;ors_old_2020_2021
2020;7;3474,996052;1215,296155;107,3195112;2070,667384;81,7130011;;ors_old_2020_2021
2020;8;3514,029772;1169,816908;91,02918151;2194,764449;58,41923379;;ors_old_2020_2021
2020;9;3595,486097;1267,614339;158,3309563;2114,067007;55,47379426;;ors_old_2020_2021
2020;10;3561,806263;1294,393767;82,26363466;2143,504065;41,64479641;;ors_old_2020_2021
2020;11;3267,254175;1149,192296;84,00692891;1983,531795;50,5231554;;ors_old_2020_2021
2020;12;3661,968297;1215,60113;99,48785066;2266,47293;80,40638589;;ors_old_2020_2021
2021;1;3315,063497;1198,089565;89,96862693;1971,19313;55,81217505;;ors_old_2020_2021
2021;2;3537,800824;1307,709274;104,8381742;2082,141435;43,11194079;;ors_old_2020_2021
2021;3;3746,375514;1239,546638;80,07177277;2360,2845;66,47260324;;ors_old_2020_2021
2021;4;3580,889063;1115,782524;159,739616;2246,210465;59,15645823;;ors_old_2020_2021
2021;5;3717,853101;1346,287727;139,5152078;2193,470658;38,5795082;;ors_old_2020_2021
2021;6;3849,085403;1287,816064;105,9953759;2410,955584;44,31837909;;ors_old_2020_2021
2021;7;3374,922134;1185,773453;120,0760075;1997,679265;71,39340896;;ors_old_2020_2021
2021;8;3606,270291;1300,712244;98,85891064;2145,961724;60,73741199;;ors_old_2020_2021
2021;9;3482,605538;1140,756277;123,7319895;2145,404005;72,7132665;;ors_old_2020_2021
2021;10;3579,611323;1340,453034;76,62227388;2050,96261;111,5734052;;ors_old_2020_2021
2021;11;3608,590044;1305,241183;79,29952533;2146,553841;77,49549518;;ors_old_2020_2021
2021;12;3576,758278;1138,407374;71,8076906;2278,686557;87,85665648;;ors_old_2020_2021
2022;1;3443,416922;1036,477974;94,51777058;1664,361371;60,3961835;587,6636233;ors_old_2022
2022;2;3507,985834;1179,034139;98,48163525;1645,110087;58,00227953;527,357693;ors_old_2022
2022;3;3605,767263;1052,166386;122,1914413;1715,850973;59,40128486;656,1571783;ors_old_2022
2022;4;3966,061252;1396,8218;140,6286141;1651,006482;41,82468455;735,7796706;ors_old_2022
2022;5;3787,337976;1256,761175;167,552542;1589,988312;63,62775208;709,408195;ors_old_2022
2022;6;3913,475181;980,7544104;116,3717589;1935,421401;62,22204256;818,7055678;ors_old_2022
2022;7;3808,921996;1188,921084;101,9329367;1688,13081;61,27832497;768,6588405;ors_old_2022
2022;8;3931,734061;1135,824027;134,703042;1766,479139;101,0010656;793,7267877;ors_old_2022
2022;9;3645,122504;989,5439167;75,81713968;1725,97553;106,0837521;747,7021654;ors_old_2022
2022;10;4020,515595;1141,62221;66,81956222;1776,450458;106,4166318;929,2067328;ors_old_2022
2022;11;3955,244927;951,3193188;139,5370173;1764,728188;75,75953304;1023,90087;ors_old_2022
2022;12;3941,551907;1064,355599;118,5317181;1730,021259;62,24993841;966,3933929;ors_old_2022
2023;1;3709,836779;998,1718563;133,9614908;1707,148465;50,49487573;820,0600911;ors_old_2023
2023;2;3934,224363;1099,833279;117,7659502;1712,460918;59,71031364;944,4539026;ors_old_2023
2023;3;4045,304784;969,812603;97,42249139;1886,822647;38,70250487;1052,544538;ors_old_2023
2023;4;3853,317632;926,2372553;187,8132026;1752,620985;30,62222247;956,0239663;ors_old_2023
2023;5;4117,983948;1010,540217;168,3149041;1846,422985;71,73098072;1020,974861;ors_old_2023
2023;6;4163,593388;1054,880057;120,1618551;1816,412842;92,06343007;1080,075204;ors_old_2023
2023;7;4154,634267;990,4046541;144,2895291;1849,89784;55,63272902;1114,409516;ors_old_2023
2023;8;4106,925732;997,8118971;126,2856583;1733,310744;79,20016059;1170,317272;ors_old_2023
2023;9;4100,894745;859,9033792;144,0790219;1899,50037;76,05196623;1121,360008;ors_old_2023
2023;10;4169,74891;974,3378493;142,0454914;1749,702156;59,06122928;1244,602185;ors_old_2023
2023;11;4250,144319;1029,822635;161,6023781;1766,601219;76,92914188;1215,188946;ors_old_2023
2023;12;3982,048858;962,4239983;142,9224451;1635,103101;71,03443766;1170,564877;ors_old_2023
2010;1;2822,880062;706,1242285;297,4943683;1769,696246;49,56521976;;ors_new_2010_2012
2010;2;2752,131225;668,520802;331,5020085;1677,433736;74,67467845;;ors_new_2010_2012
2010;3;2580,739695;602,2923898;262,2482777;1646,603544;69,59548379;;ors_new_2010_2012
2010;4;2890,161161;753,1604378;287,2571886;1779,047245;70,69629008;;ors_new_2010_2012
2010;5;2754,239969;756,9969934;269,6268826;1645,908933;81,70715951;;ors_new_2010_2012
2010;6;2720,982587;845,077916;220,6093477;1588,844316;66,451007;;ors_new_2010_2012
2010;7;2930,517939;814,847443;257,5734879;1813,305448;44,79155907;;ors_new_2010_2012
2010;8;2931,395779;727,7255039;278,3721966;1839,515131;85,78294767;;ors_new_2010_2012
2010;9;2800,317934;795,8347486;242,338051;1677,718899;84,42623544;;ors_new_2010_2012
2010;10;2712,072251;764,389534;243,3813588;1661,07672;43,22463766;;ors_new_2010_2012
2010;11;2768,055908;701,4288535;266,475147;1765,279087;34,87282021;;ors_new_2010_2012
2010;12;2709,468484;645,4608424;278,9440538;1742,315653;42,74793464;;ors_new_2010_2012
2011;1;3005,263863;892,3048043;251,1475982;1797,945651;63,86580945;;ors_new_2010_2012
2011;2;3103,969082;791,3211424;287,0409031;1950,735592;74,87144496;;ors_new_2010_2012
2011;3;2967,689888;800,0018804;240,326749;1879,057685;48,30357425;;ors_new_2010_2012
2011;4;2990,204602;729,5080065;247,6992145;1927,272741;85,72464077;;ors_new_2010_2012
2011;5;3000,807107;767,9367213;272,2887542;1903,791307;56,79032454;;ors_new_2010_2012
2011;6;3004,092451;852,2298114;241,7717185;1841,607936;68,4829856;;ors_new_2010_2012
2011;7;3207,30837;973,1711883;233,0307246;1964,279147;36,82731054;;ors_new_2010_2012
2011;8;2983,534749;791,9116276;249,2519281;1873,827556;68,54363719;;ors_new_2010_2012
2011;9;3024,525853;726,3112623;261,2566933;1970,364267;66,59363042;;ors_new_2010_2012
2011;10;2985,853798;790,7492313;250,861328;1892,54002;51,70321856;;ors_new_2010_2012
2011;11;2890,013488;771,097909;216,9519767;1859,255131;42,70847144;;ors_new_2010_2012
2011;12;3006,980802;756,3633425;211,0110848;1959,918516;79,68785884;;ors_new_2010_2012
2012;1;3076,617893;736,4502099;279,7832623;2006,930939;53,45348082;;ors_new_2010_2012
2012;2;2733,902394;663,4109483;322,0926964;1707,239037;41,15971235;;ors_new_2010_2012
2012;3;2851,984984;687,420785;287,3832793;1816,677981;60,50293884;;ors_new_2010_2012
2012;4;2932,789721;696,4123228;291,4920541;1880,454427;64,43091699;;ors_new_2010_2012
2012;5;2939,291107;759,1009691;251,6945193;1875,916784;52,57883497;;ors_new_2010_2012
2012;6;2840,819644;853,0854312;297,1609908;1635,456092;55,11712913;;ors_new_2010_2012
2012;7;2956,70951;793,456707;318,4139286;1798,371253;46,46762167;;ors_new_2010_2012
2012;8;2932,40426;691,4860072;316,3735942;1870,350735;54,19392366;;ors_new_2010_2012
2012;9;2819,073072;699,7050069;232,6059856;1841,90758;44,854499;;ors_new_2010_2012
2012;10;2985,290082;769,819637;326,1917958;1836,190191;53,08845772;;ors_new_2010_2012
2012;11;2889,887886;664,1102717;244,1515337;1924,697537;56,9285434;;ors_new_2010_2012
2012;12;2965,159556;829,4171241;232,9243481;1858,530651;44,28743312;;ors_new_2010_2012
2013;1;2952,498368;856,6049146;121,9803787;1888,164203;85,74887242;;ors_new_2013_2015
2013;2;3056,216802;829,9491252;125,8899265;2043,924913;56,452837;;ors_new_2013_2015
2013;3;2908,584796;894,9454679;148,3741161;1813,549091;51,71612146;;ors_new_2013_2015
2013;4;3000,317772;839,6534518;155,8621763;1929,974385;74,82775934;;ors_new_2013_2015
2013;5;3074,519384;787,0876034;168,2430531;2052,460657;66,72807041;;ors_new_2013_2015
2013;6;3217,755506;870,7238204;152,0253815;2125,771734;69,23456961;;ors_new_2013_2015
2013;7;3159,452497;851,0126046;140,8444199;2075,787274;91,80819763;;ors_new_2013_2015
2013;8;3213,379876;978,6019446;131,2282056;1992,8154;110,7343258;;ors_new_2013_2015
2013;9;3188,880303;958,5505717;137,4058319;2018,175112;74,74878769;;ors_new_2013_2015
2013;10;3471,306187;1021,248358;175,5011496;2171,609232;102,947447;;ors_new_2013_2015
2013;11;3314,778345;773,6352022;146,7168342;2281,912623;112,5136853;;ors_new_2013_2015
2013;12;3230,191182;841,7203162;140,305172;2191,915897;56,249797;;ors_new_2013_2015
2014;1;3193,262716;829,6815586;122,1914746;2159,087906;82,30177724;;ors_new_2013_2015
2014;2;3338,094662;870,2275739;143,3380613;2218,972382;105,5566448;;ors_new_2013_2015
2014;3;3025,10951;856,8047687;111,0866646;1976,36044;80,85763587;;ors_new_2013_2015
2014;4;3252,952063;869,6499949;145,9743151;2167,737034;69,59071895;;ors_new_2013_2015
2014;5;3391,473293;955,7901351;168,3174134;2173,2578;94,10794411;;ors_new_2013_2015
2014;6;3373,430376;1008,310406;159,1181605;2138,857423;67,14438683;;ors_new_2013_2015
2014;7;3198,398685;995,4368586;154,2945547;1977,362156;71,30511547;;ors_new_2013_2015
2014;8;3208,47538;948,074736;122,5471311;2060,156929;77,69658454;;ors_new_2013_2015
2014;9;3183,955732;867,2095338;162,515557;2060,526298;93,70434319;;ors_new_2013_2015
2014;10;3268,824552;881,3072778;124,5889448;2172,648757;90,27957207;;ors_new_2013_2015
2014;11;3161,580283;816,1264302;120,2124734;2094,04358;131,1977998;;ors_new_2013_2015
2014;12;2932,091202;900,0510437;93,8324518;1873,063972;65,14373421;;ors_new_2013_2015
2015;1;3312,332212;908,5167805;119,5763308;2181,743443;102,4956576;;ors_new_2013_2015
2015;2;3298,524932;866,0719003;112,4789296;2224,176355;95,79774778;;ors_new_2013_2015
2015;3;3135,642532;873,7597017;117,0284477;2069,081202;75,77318085;;ors_new_2013_2015
2015;4;3108,95431;878,4602939;106,640361;2059,955443;63,89821168;;ors_new_2013_2015
2015;5;3528,402025;1066,862374;144,6196942;2232,612262;84,30769502;;ors_new_2013_2015
2015;6;3150,295171;950,5571636;103,7865974;2036,892747;59,05866343;;ors_new_2013_2015
2015;7;3284,262569;940,0776771;89,4867426;2178,010576;76,68757248;;ors_new_2013_2015
2015;8;3099,698493;969,9711671;110,4513482;1932,686141;86,58983655;;ors_new_2013_2015
2015;9;3332,495341;1073,261083;128,7260262;2086,994531;43,51370106;;ors_new_2013_2015
2015;10;3231,177956;984,9096071;136,2574177;2060,736693;49,27423804;;ors_new_2013_2015
2015;11;3376,563965;918,7617086;113,9565496;2288,440205;55,40550205;;ors_new_2013_2015
2015;12;3255,42688;837,5257806;124,3071802;2229,133417;64,46050234;;ors_new_2013_2015
2016;1;3279,146211;992,5545033;101,2478278;2107,092073;78,25180689;;ors_new_2016
2016;2;3387,346012;1003,753421;144,9235299;2159,855633;78,81342731;;ors_new_2016
2016;3;3403,770191;949,0213913;118,7084723;2245,574116;90,46621052;;ors_new_2016
2016;4;3469,854638;1055,971491;101,6571378;2238,128306;74,09770367;;ors_new_2016
2016;5;3489,927646;926,8967539;195,8238856;2287,96152;79,24548723;;ors_new_2016
2016;6;3504,789468;1039,294477;111,3011887;2295,350388;58,84341456;;ors_new_2016
2016;7;3402,184901;956,8316211;182,0511763;2195,570068;67,73203629;;ors_new_2016
2016;8;3351,188863;944,2220073;113,3441401;2241,44619;52,17652596;;ors_new_2016
2016;9;3297,59768;788,5333781;147,6175507;2288,550587;72,89616446;;ors_new_2016
2016;10;3373,083929;966,2262328;106,2437822;2203,230143;97,38377093;;ors_new_2016
2016;11;3366,001945;912,5175184;116,5820604;2255,461132;81,44123426;;ors_new_2016
2016;12;3257,350983;1002,596523;128,4967466;2063,904494;62,35321959;;ors_new_2016
2017;1;3505,131778;1117,83014;128,9495483;2172,185206;86,16688348;;ors_new_2017_2019
2017;2;3034,094215;871,3526576;106,7039723;1996,930402;59,107183;;ors_new_2017_2019
2017;3;3250,712339;960,5282986;118,9798046;2088,317793;82,88644233;;ors_new_2017_2019
2017;4;3297,681094;957,0443957;156,3151068;2109,33472;74,98687089;;ors_new_2017_2019
2017;5;3226,491042;952,6983937;107,1623825;2084,215789;82,41447679;;ors_new_2017_2019
2017;6;3378,47961;956,4916665;90,80406417;2274,574553;56,60932585;;ors_new_2017_2019
2017;7;3530,278425;1094,401127;94,85650704;2277,378925;63,64186577;;ors_new_2017_2019
2017;8;3327,798564;1035,609781;111,6322336;2107,380538;73,17601073;;ors_new_2017_2019
2017;9;3510,886961;1166,557491;118,3887363;2186,298493;39,6422412;;ors_new_2017_2019
2017;10;3538,319464;1186,573655;106,1741814;2203,926021;41,64560603;;ors_new_2017_2019
2017;11;3624,740367;1102,016306;126,756995;2340,173813;55,79325315;;ors_new_2017_2019
2017;12;3571,997542;1076,41272;91,57230532;2366,05203;37,9604868;;ors_new_2017_2019
2018;1;3379,024986;1079,506813;101,2636615;2162,412686;35,84182608;;ors_new_2017_2019
2018;2;3534,760928;1108,163696;119,4977757;2223,844406;83,25505035;;ors_new_2017_2019
2018;3;3679,90438;1076,343416;73,87210757;2484,227059;45,46179759;;ors_new_2017_2019
2018;4;3528,223069;1110,018327;95,29062405;2259,530723;63,38339442;;ors_new_2017_2019
2018;5;3727,711841;1138,624368;100,2870812;2428,994652;59,80573986;;ors_new_2017_2019
2018;6;3649,139529;1115,02584;98,30261047;2396,795244;39,01583431;;ors_new_2017_2019
2018;7;3463,566803;1062,654573;127,2880242;2235,206768;38,4174372;;ors_new_2017_2019
2018;8;3504,783418;1119,84321;93,54260483;2236,441395;54,95620907;;ors_new_2017_2019
2018;9;3418,389095;993,685297;105,4464461;2293,587039;25,6703131;;ors_new_2017_2019
2018;10;3513,428386;1059,05726;107,1941057;2297,863196;49,31382494;;ors_new_2017_2019
2018;11;3666,01193;1277,147887;66,16874251;2255,707358;66,98794219;;ors_new_2017_2019
2018;12;3301,784534;1019,264201;126,2097871;2122,176724;34,13382154;;ors_new_2017_2019
2019;1;3378,375653;1034,800919;83,23390375;2165,549404;94,79142613;;ors_new_2017_2019
2019;2;3368,868157;1063,612644;87,33321102;2131,84428;86,07802153;;ors_new_2017_2019
2019;3;3689,113898;1137,862853;83,52480861;2408,390298;59,3359381;;ors_new_2017_2019
2019;4;3548,854039;1054,88397;153,272985;2287,386944;53,3101404;;ors_new_2017_2019
2019;5;3452,336864;1102,108848;122,6701601;2184,27047;43,28738572;;ors_new_2017_2019
2019;6;3626,694879;1225,530869;118,1712718;2232,365004;50,62773357;;ors_new_2017_2019
2019;7;3409,949372;1228,84632;120,4458525;1999,844409;60,81279077;;ors_new_2017_2019
2019;8;3673,286552;1376,044502;138,6761842;2119,970337;38,59552952;;ors_new_2017_2019
2019;9;3528,81936;1134,344385;128,6556399;2221,143945;44,67538936;;ors_new_2017_2019
2019;10;3652,452481;1313,843798;118,2695397;2171,684021;48,65512233;;ors_new_2017_2019
2019;11;3539,502356;1188,837146;111,5393941;2183,100436;56,02537961;;ors_new_2017_2019
2019;12;3421,456133;1115,538511;121,1753191;2140,706649;44,03565352;;ors_new_2017_2019
2020;1;3283,936468;1124,063596;70,45097847;2039,540506;49,88138816;;ors_new_2020_2021
2020;2;3217,850649;1109,901824;115,2762922;1943,706121;48,96641165;;ors_new_2020_2021
2020;3;3442,090795;1138,251284;132,8175685;2084,140793;86,88114953;;ors_new_2020_2021
2020;4;3599,364813;1030,304108;199,2696431;2327,936256;41,85480547;;ors_new_2020_2021
2020;5;3632,655475;1020,831714;158,0220823;2390,564589;63,23708946;;ors_new_2020_2021
2020;6;3557,538034;1145,272148;126,8808132;2219,016615;66,36845878;;ors_new_2020_2021
2020;7;3504,972387;1216,935978;108,3886149;2096,901249;82,74654526;;ors_new_2020_2021
2020;8;3543,793723;1172,297437;93,28256131;2218,84604;59,36768474;;ors_new_2020_2021
2020;9;3624,535713;1273,232346;161,6670116;2133,913865;55,72249034;;ors_new_2020_2021
2020;10;3591,371584;1304,52586;82,52417274;2162,834947;41,4866037;;ors_new_2020_2021
2020;11;3288,870206;1153,090273;84,73170778;1998,95631;52,09191586;;ors_new_2020_2021
2020;12;3689,846207;1218,031845;101,0073961;2288,922806;81,88416042;;ors_new_2020_2021
2021;1;3349,722507;1204,61188;90,82725957;1997,44402;56,8393482;;ors_new_2020_2021
2021;2;3560,01959;1308,682874;106,262321;2101,422181;43,65221462;;ors_new_2020_2021
2021;3;3784,406882;1241,78809;82,49397281;2393,082342;67,04247626;;ors_new_2020_2021
2021;4;3618,742589;1117,520017;163,0503297;2279,080801;59,09144158;;ors_new_2020_2021
2021;5;3740,801978;1344,793514;138,4857499;2218,163625;39,3590886;;ors_new_2020_2021
2021;6;3879,735491;1292,985072;107,0156323;2435,142146;44,59264105;;ors_new_2020_2021
2021;7;3402,734655;1183,88725;122,860234;2025,027926;70,95924445;;ors_new_2020_2021
2021;8;3631,989917;1307,820758;99,13924718;2164,090092;60,93981951;;ors_new_2020_2021
2021;9;3510,539966;1139,802517;126,2403667;2170,540313;73,95676924;;ors_new_2020_2021
2021;10;3596,064616;1341,974154;76,93775206;2066,983368;110,1693422;;ors_new_2020_2021
2021;11;3632,804996;1304,93019;80,4828705;2169,2206;78,17133605;;ors_new_2020_2021
2021;12;3601,781568;1137,917171;71,45988331;2303,616937;88,78757629;;ors_new_2020_2021
2022;1;3473,910116;1043,524511;96,54355761;1679,509254;62,79194041;591,5408534;ors_new_2022
2022;2;3532,195004;1180,608648;100,6585507;1662,420635;58,92362594;529,5835435;ors_new_2022
2022;3;3646,081687;1053,366624;125,1862557;1744,262687;60,21958676;663,0465336;ors_new_2022
2022;4;3988,22306;1396,605891;143,3521545;1665,661468;41,6638585;740,9396883;ors_new_2022
2022;5;3815,155148;1256,038535;170,5608269;1611,911581;64,42867677;712,2155285;ors_new_2022
2022;6;3941,891364;986,5782734;118,6662126;1950,793665;63,09589113;822,7573226;ors_new_2022
2022;7;3835,465938;1188,284601;102,7673028;1701,42759;61,66245244;781,3239927;ors_new_2022
2022;8;3975,488542;1141,083357;135,8801838;1794,961589;102,5536122;801,0097991;ors_new_2022
2022;9;3675,392297;996,2577571;76,98776591;1743,188186;106,9863106;751,9722776;ors_new_2022
2022;10;4068,828826;1153,662271;66,42782568;1798,724305;107,9520356;942,0623883;ors_new_2022
2022;11;3991,493016;952,2103308;141,3698776;1784,27424;76,74684862;1036,891719;ors_new_2022
2022;12;3977,938374;1066,331292;121,0010312;1749,715326;63,50503121;977,3856946;ors_new_2022
2023;1;3709,836779;998,1718563;133,9614908;1707,148465;50,49487573;820,0600911;ors_new_2023
2023;2;3934,224363;1099,833279;117,7659502;1712,460918;59,71031364;944,4539026;ors_new_2023
2023;3;4045,304784;969,812603;97,42249139;1886,822647;38,70250487;1052,544538;ors_new_2023
2023;4;3853,317632;926,2372553;187,8132026;1752,620985;30,62222247;956,0239663;ors_new_2023
2023;5;4117,983948;1010,540217;168,3149041;1846,422985;71,73098072;1020,974861;ors_new_2023
2023;6;4163,593388;1054,880057;120,1618551;1816,412842;92,06343007;1080,075204;ors_new_2023
2023;7;4154,634267;990,4046541;144,2895291;1849,89784;55,63272902;1114,409516;ors_new_2023
2023;8;4106,925732;997,8118971;126,2856583;1733,310744;79,20016059;1170,317272;ors_new_2023
2023;9;4100,894745;859,9033792;144,0790219;1899,50037;76,05196623;1121,360008;ors_new_2023
2023;10;4169,74891;974,3378493;142,0454914;1749,702156;59,06122928;1244,602185;ors_new_2023
2023;11;4250,144319;1029,822635;161,6023781;1766,601219;76,92914188;1215,188946;ors_new_2023
2023;12;3982,048858;962,4239983;142,9224451;1635,103101;71,03443766;1170,564877;ors_new_2023
2022;1;;;;;;;ORS_2023
2022;2;;;;;;;ORS_2023
2022;3;;;;;;;ORS_2023
2022;4;;;;;;;ORS_2023
2022;5;;;;;;;ORS_2023
2022;6;;;;;;;ORS_2023
2022;7;;;;;;;ORS_2023
2022;8;;;;;;;ORS_2023
2022;9;;;;;;;ORS_2023
2022;10;;;;;;;ORS_2023
2023;11;;;;;;;ORS_2023
2023;12;;;;;;;ORS_2023
2022;1;;;;;;;ORS_2023
2022;2;;;;;;;ORS_2023
2022;3;;;;;;;ORS_2023
2022;4;;;;;;;ORS_2023
2022;5;;;;;;;ORS_2023
2022;6;;;;;;;ORS_2023
2022;7;;;;;;;ORS_2023
2022;8;;;;;;;ORS_2023
2022;9;;;;;;;ORS_2023
2022;10;;;;;;;ORS_2023
2023;11;;;;;;;ORS_2023
2023;12;;;;;;;ORS_2023
2021;1;;;;;;;ORS_2022
2021;2;;;;;;;ORS_2022
2021;3;;;;;;;ORS_2022
2021;4;;;;;;;ORS_2022
2021;5;;;;;;;ORS_2022
2021;6;;;;;;;ORS_2022
2021;7;;;;;;;ORS_2022
2021;8;;;;;;;ORS_2022
2021;9;;;;;;;ORS_2022
2021;10;;;;;;;ORS_2022
2021;11;;;;;;;ORS_2022
2021;12;;;;;;;ORS_2022
2022;1;;;;;;;ORS_2022
2022;2;;;;;;;ORS_2022
2022;3;;;;;;;ORS_2022
2022;4;;;;;;;ORS_2022
2022;5;;;;;;;ORS_2022
2022;6;;;;;;;ORS_2022
2022;7;;;;;;;ORS_2022
2022;8;;;;;;;ORS_2022
2022;9;;;;;;;ORS_2022
2022;10;;;;;;;ORS_2022
2022;11;;;;;;;ORS_2022
2022;12;;;;;;;ORS_2022
2020;1;;;;;;;ORS_2021
2020;2;;;;;;;ORS_2021
2020;3;;;;;;;ORS_2021
2020;4;;;;;;;ORS_2021
2020;5;;;;;;;ORS_2021
2020;6;;;;;;;ORS_2021
2020;7;;;;;;;ORS_2021
2020;8;;;;;;;ORS_2021
2020;9;;;;;;;ORS_2021
2020;10;;;;;;;ORS_2021
2020;11;;;;;;;ORS_2021
2020;12;;;;;;;ORS_2021
2021;1;;;;;;;ORS_2021
2021;2;;;;;;;ORS_2021
2021;3;;;;;;;ORS_2021
2021;4;;;;;;;ORS_2021
2021;5;;;;;;;ORS_2021
2021;6;;;;;;;ORS_2021
2021;7;;;;;;;ORS_2021
2021;8;;;;;;;ORS_2021
2021;9;;;;;;;ORS_2021
2021;10;;;;;;;ORS_2021
2021;11;;;;;;;ORS_2021
2021;12;;;;;;;ORS_2021
2019;1;;;;;;;ORS_2020
2019;2;;;;;;;ORS_2020
2019;3;;;;;;;ORS_2020
2019;4;;;;;;;ORS_2020
2019;5;;;;;;;ORS_2020
2019;6;;;;;;;ORS_2020
2019;7;;;;;;;ORS_2020
2019;8;;;;;;;ORS_2020
2019;9;;;;;;;ORS_2020
2019;10;;;;;;;ORS_2020
2019;11;;;;;;;ORS_2020
2019;12;;;;;;;ORS_2020
2020;1;;;;;;;ORS_2020
2020;2;;;;;;;ORS_2020
2020;3;;;;;;;ORS_2020
2020;4;;;;;;;ORS_2020
2020;5;;;;;;;ORS_2020
2020;6;;;;;;;ORS_2020
2020;7;;;;;;;ORS_2020
2020;8;;;;;;;ORS_2020
2020;9;;;;;;;ORS_2020
2020;10;;;;;;;ORS_2020
2020;11;;;;;;;ORS_2020
2020;12;;;;;;;ORS_2020
2018;1;;;;;;;ORS_2019
2018;2;;;;;;;ORS_2019
2018;3;;;;;;;ORS_2019
2018;4;;;;;;;ORS_2019
2018;5;;;;;;;ORS_2019
2018;6;;;;;;;ORS_2019
2018;7;;;;;;;ORS_2019
2018;8;;;;;;;ORS_2019
2018;9;;;;;;;ORS_2019
2018;10;;;;;;;ORS_2019
2018;11;;;;;;;ORS_2019
2018;12;;;;;;;ORS_2019
2019;1;;;;;;;ORS_2019
2019;2;;;;;;;ORS_2019
2019;3;;;;;;;ORS_2019
2019;4;;;;;;;ORS_2019
2019;5;;;;;;;ORS_2019
2019;6;;;;;;;ORS_2019
2019;7;;;;;;;ORS_2019
2019;8;;;;;;;ORS_2019
2019;9;;;;;;;ORS_2019
2019;10;;;;;;;ORS_2019
2019;11;;;;;;;ORS_2019
2019;12;;;;;;;ORS_2019
2017;1;;;;;;;ORS_2018
2017;2;;;;;;;ORS_2018
2017;3;;;;;;;ORS_2018
2017;4;;;;;;;ORS_2018
2017;5;;;;;;;ORS_2018
2017;6;;;;;;;ORS_2018
2017;7;;;;;;;ORS_2018
2017;8;;;;;;;ORS_2018
2017;9;;;;;;;ORS_2018
2017;10;;;;;;;ORS_2018
2017;11;;;;;;;ORS_2018
2017;12;;;;;;;ORS_2018
2018;1;;;;;;;ORS_2018
2018;2;;;;;;;ORS_2018
2018;3;;;;;;;ORS_2018
2018;4;;;;;;;ORS_2018
2018;5;;;;;;;ORS_2018
2018;6;;;;;;;ORS_2018
2018;7;;;;;;;ORS_2018
2018;8;;;;;;;ORS_2018
2018;9;;;;;;;ORS_2018
2018;10;;;;;;;ORS_2018
2018;11;;;;;;;ORS_2018
2018;12;;;;;;;ORS_2018
2017;1;;;;;;;ORS_2017
2017;2;;;;;;;ORS_2017
2017;3;;;;;;;ORS_2017
2017;4;;;;;;;ORS_2017
2017;5;;;;;;;ORS_2017
2017;6;;;;;;;ORS_2017
2017;7;;;;;;;ORS_2017
2017;8;;;;;;;ORS_2017
2017;9;;;;;;;ORS_2017
2017;10;;;;;;;ORS_2017
2017;11;;;;;;;ORS_2017
2017;12;;;;;;;ORS_2017
2015;1;;;;;;;ORS_2016
2015;2;;;;;;;ORS_2016
2015;3;;;;;;;ORS_2016
2015;4;;;;;;;ORS_2016
2015;5;;;;;;;ORS_2016
2015;6;;;;;;;ORS_2016
2015;7;;;;;;;ORS_2016
2015;8;;;;;;;ORS_2016
2015;9;;;;;;;ORS_2016
2015;10;;;;;;;ORS_2016
2015;11;;;;;;;ORS_2016
2015;12;;;;;;;ORS_2016
2016;1;;;;;;;ORS_2016
2016;2;;;;;;;ORS_2016
2016;3;;;;;;;ORS_2016
2016;4;;;;;;;ORS_2016
2016;5;;;;;;;ORS_2016
2016;6;;;;;;;ORS_2016
2016;7;;;;;;;ORS_2016
2016;8;;;;;;;ORS_2016
2016;9;;;;;;;ORS_2016
2016;10;;;;;;;ORS_2016
2016;11;;;;;;;ORS_2016
2016;12;;;;;;;ORS_2016
2014;1;;;;;;;ORS_2015
2014;2;;;;;;;ORS_2015
2014;3;;;;;;;ORS_2015
2014;4;;;;;;;ORS_2015
2014;5;;;;;;;ORS_2015
2014;6;;;;;;;ORS_2015
2014;7;;;;;;;ORS_2015
2014;8;;;;;;;ORS_2015
2014;9;;;;;;;ORS_2015
2014;10;;;;;;;ORS_2015
2014;11;;;;;;;ORS_2015
2014;12;;;;;;;ORS_2015
2015;1;;;;;;;ORS_2015
2015;2;;;;;;;ORS_2015
2015;3;;;;;;;ORS_2015
2015;4;;;;;;;ORS_2015
2015;5;;;;;;;ORS_2015
2015;6;;;;;;;ORS_2015
2015;7;;;;;;;ORS_2015
2015;8;;;;;;;ORS_2015
2015;9;;;;;;;ORS_2015
2015;10;;;;;;;ORS_2015
2015;11;;;;;;;ORS_2015
2015;12;;;;;;;ORS_2015
2013;1;;;;;;;ORS_2014
2013;2;;;;;;;ORS_2014
2013;3;;;;;;;ORS_2014
2013;4;;;;;;;ORS_2014
2013;5;;;;;;;ORS_2014
2013;6;;;;;;;ORS_2014
2013;7;;;;;;;ORS_2014
2013;8;;;;;;;ORS_2014
2013;9;;;;;;;ORS_2014
2013;10;;;;;;;ORS_2014
2013;11;;;;;;;ORS_2014
2013;12;;;;;;;ORS_2014
2014;1;;;;;;;ORS_2014
2014;2;;;;;;;ORS_2014
2014;3;;;;;;;ORS_2014
2014;4;;;;;;;ORS_2014
2014;5;;;;;;;ORS_2014
2014;6;;;;;;;ORS_2014
2014;7;;;;;;;ORS_2014
2014;8;;;;;;;ORS_2014
2014;9;;;;;;;ORS_2014
2014;10;;;;;;;ORS_2014
2014;11;;;;;;;ORS_2014
2014;12;;;;;;;ORS_2014
2012;1;;;;;;;ORS_2013
2012;2;;;;;;;ORS_2013
2012;3;;;;;;;ORS_2013
2012;4;;;;;;;ORS_2013
2012;5;;;;;;;ORS_2013
2012;6;;;;;;;ORS_2013
2012;7;;;;;;;ORS_2013
2012;8;;;;;;;ORS_2013
2012;9;;;;;;;ORS_2013
2012;10;;;;;;;ORS_2013
2012;11;;;;;;;ORS_2013
2012;12;;;;;;;ORS_2013
2013;1;;;;;;;ORS_2013
2013;2;;;;;;;ORS_2013
2013;3;;;;;;;ORS_2013
2013;4;;;;;;;ORS_2013
2013;5;;;;;;;ORS_2013
2013;6;;;;;;;ORS_2013
2013;7;;;;;;;ORS_2013
2013;8;;;;;;;ORS_2013
2013;9;;;;;;;ORS_2013
2013;10;;;;;;;ORS_2013
2013;11;;;;;;;ORS_2013
2013;12;;;;;;;ORS_2013
2011;1;;;;;;;ORS_2012
2011;2;;;;;;;ORS_2012
2011;3;;;;;;;ORS_2012
2011;4;;;;;;;ORS_2012
2011;5;;;;;;;ORS_2012
2011;6;;;;;;;ORS_2012
2011;7;;;;;;;ORS_2012
2011;8;;;;;;;ORS_2012
2011;9;;;;;;;ORS_2012
2011;10;;;;;;;ORS_2012
2011;11;;;;;;;ORS_2012
2011;12;;;;;;;ORS_2012
2012;1;;;;;;;ORS_2012
2012;2;;;;;;;ORS_2012
2012;3;;;;;;;ORS_2012
2012;4;;;;;;;ORS_2012
2012;5;;;;;;;ORS_2012
2012;6;;;;;;;ORS_2012
2012;7;;;;;;;ORS_2012
2012;8;;;;;;;ORS_2012
2012;9;;;;;;;ORS_2012
2012;10;;;;;;;ORS_2012
2012;11;;;;;;;ORS_2012
2012;12;;;;;;;ORS_2012
2010;1;;;;;;;ORS_2011
2010;2;;;;;;;ORS_2011
2010;3;;;;;;;ORS_2011
2010;4;;;;;;;ORS_2011
2010;5;;;;;;;ORS_2011
2010;6;;;;;;;ORS_2011
2010;7;;;;;;;ORS_2011
2010;8;;;;;;;ORS_2011
2010;9;;;;;;;ORS_2011
2010;10;;;;;;;ORS_2011
2010;11;;;;;;;ORS_2011
2010;12;;;;;;;ORS_2011
2011;1;;;;;;;ORS_2011
2011;2;;;;;;;ORS_2011
2011;3;;;;;;;ORS_2011
2011;4;;;;;;;ORS_2011
2011;5;;;;;;;ORS_2011
2011;6;;;;;;;ORS_2011
2011;7;;;;;;;ORS_2011
2011;8;;;;;;;ORS_2011
2011;9;;;;;;;ORS_2011
2011;10;;;;;;;ORS_2011
2011;11;;;;;;;ORS_2011
2011;12;;;;;;;ORS_2011
2009;2;;;;;;;ORS_2010
2009;5;;;;;;;ORS_2010
2009;8;;;;;;;ORS_2010
2009;9;;;;;;;ORS_2010
2009;10;;;;;;;ORS_2010
2009;11;;;;;;;ORS_2010
2009;12;;;;;;;ORS_2010
2010;1;;;;;;;ORS_2010
2010;2;;;;;;;ORS_2010
2010;3;;;;;;;ORS_2010
2010;4;;;;;;;ORS_2010
2010;5;;;;;;;ORS_2010
2010;6;;;;;;;ORS_2010
2010;7;;;;;;;ORS_2010
2010;8;;;;;;;ORS_2010
2010;9;;;;;;;ORS_2010
2010;10;;;;;;;ORS_2010
2010;11;;;;;;;ORS_2010
2010;12;;;;;;;ORS_2010
2008;2;;;;;;;ORS_2009
2008;5;;;;;;;ORS_2009
2008;8;;;;;;;ORS_2009
2008;11;;;;;;;ORS_2009
2009;2;;;;;;;ORS_2009
2009;5;;;;;;;ORS_2009
2009;8;;;;;;;ORS_2009
2009;9;;;;;;;ORS_2009
2009;10;;;;;;;ORS_2009
2009;11;;;;;;;ORS_2009
2009;12;;;;;;;ORS_2009
