Year;Month;Общая численность наёмных работников;работали на основе трудового договора (служебного контракта) в письменной форме ;работали на основе трудового договора (служебного контракта) в письменной форме постоянного ;работали на основе трудового договора (служебного контракта) в письменной форме временного или краткосрочного ;работали на основе устной договоренности с работодателем, без оформления документов;работали на основе устной договоренности с работодателем, без оформления документов на постоянной основе;работали на основе устной договоренности с работодателем, без оформления документов на постоянной основе на временной или краткосрочной основе;работали на основе договора гражданско-правового характера;работали на основе трудового договора о выполнении работы на дому;работали на основе трудового договора о выполнении работы на дому с использованием сети «Интернет»  (дистанционная  работа);Source
2010;1;63372,13684;60508,37289;57192,38832;3315,984574;2084,175157;;;749,709231;29,87956336;;ors_old_2010_2016
2010;2;64033,61157;61165,71825;58075,71924;3089,999015;1988,814712;;;844,5620794;34,51652412;;ors_old_2010_2016
2010;3;64228,96074;61562,82802;58431,54976;3131,278255;2035,12735;;;613,6552936;17,35008363;;ors_old_2010_2016
2010;4;64118,35933;61315,80925;58247,79063;3068,018629;2039,628309;;;733,8877779;29,03399299;;ors_old_2010_2016
2010;5;65458,18204;62510,11121;59412,97409;3097,137119;2233,806354;;;693,7571034;20,50737136;;ors_old_2010_2016
2010;6;66129,72147;63080,97065;59782,40707;3298,563582;2283,332193;;;731,4694495;33,94917457;;ors_old_2010_2016
2010;7;65401,20955;62042,18368;59100,30975;2941,873924;2610,93864;;;730,2259321;17,86129633;;ors_old_2010_2016
2010;8;65589,45993;62341,66706;59412,12279;2929,544272;2525,747863;;;704,6437721;17,40123831;;ors_old_2010_2016
2010;9;66154,59651;62795,71646;60102,53382;2693,182641;2610,302051;;;727,0705888;21,50741507;;ors_old_2010_2016
2010;10;66135,87373;63272,00368;60725,27013;2546,733549;2255,602839;;;593,847308;14,4199078;;ors_old_2010_2016
2010;11;65970,87103;63075,1304;60517,20212;2557,928278;2321,310231;;;562,6502366;11,78016254;;ors_old_2010_2016
2010;12;65302,06208;62625,88618;60146,97036;2478,915824;2090,621225;;;573,8018293;11,75284136;;ors_old_2010_2016
2011;1;64518,38699;61551,77501;58268,99;3282,785011;2189,860429;;;764,7393854;12,0121589;;ors_old_2010_2016
2011;2;64696,643;62107,0591;59428,95215;2678,106952;1980,199554;;;595,9595622;13,42478513;;ors_old_2010_2016
2011;3;65035,92676;62214,17909;59789,11934;2425,059752;2235,667527;;;567,1678507;18,91228963;;ors_old_2010_2016
2011;4;65030,50458;62023,57417;59645,86157;2377,712601;2303,160622;;;698,7108481;5,058933333;;ors_old_2010_2016
2011;5;65970,19339;62960,71264;60432,14634;2528,566296;2245,876445;;;746,5050911;17,09920998;;ors_old_2010_2016
2011;6;66397,82775;63272,48665;60644,5696;2627,91705;2506,873389;;;602,7914135;15,6763051;;ors_old_2010_2016
2011;7;65867,65104;62780,47655;59958,86184;2821,614703;2360,933201;;;700,1606234;26,08066847;;ors_old_2010_2016
2011;8;66705,07859;63734,78589;61445,2245;2289,561396;2398,023101;;;561,08938;11,18021141;;ors_old_2010_2016
2011;9;66602,29814;63358,15732;61023,1391;2335,018227;2504,401327;;;727,0411672;12,69832543;;ors_old_2010_2016
2011;10;66054,63208;62994,96692;60801,75848;2193,208434;2368,781942;;;685,7070009;5,176219231;;ors_old_2010_2016
2011;11;66428,58709;63335,37844;61178,25055;2157,127889;2370,491649;;;712,9309621;9,786039771;;ors_old_2010_2016
2011;12;66619,25948;63723,01665;61477,71753;2245,299125;2280,649319;;;601,2857738;14,30772867;;ors_old_2010_2016
2012;1;65413,21255;62213,97731;59439,73406;2774,243252;2406,538038;;;779,7063824;12,99081931;;ors_old_2010_2016
2012;2;65479,96861;62382,90783;59892,62559;2490,28224;2376,233789;;;692,6520144;28,17497115;;ors_old_2010_2016
2012;3;65449,55157;62414,48743;59947,82437;2466,663068;2352,184607;;;671,9864478;10,89308347;;ors_old_2010_2016
2012;4;66279,72783;63191,18829;60875,1722;2316,01609;2294,128654;;;766,3521117;28,05877954;;ors_old_2010_2016
2012;5;67174,89252;63807,71988;61351,89144;2455,82844;2441,058044;;;903,0882564;23,02633529;;ors_old_2010_2016
2012;6;67354,95355;64120,94669;61399,61424;2721,332445;2405,869279;;;819,6655224;8,472059728;;ors_old_2010_2016
2012;7;66735,53803;63354,59357;61131,82068;2222,772887;2636,5957;;;726,7178919;17,63086958;;ors_old_2010_2016
2012;8;67468,73643;63597,50956;61381,86615;2215,64341;2925,327688;;;940,3413301;5,557853175;;ors_old_2010_2016
2012;9;67053,14684;63535,70236;61106,6432;2429,059156;2721,052558;;;771,8607237;24,53119474;;ors_old_2010_2016
2012;10;66897,70609;63467,48891;61440,5444;2026,944502;2601,454406;;;801,7855215;26,97725667;;ors_old_2010_2016
2012;11;67140,32997;63875,44306;61710,78845;2164,654608;2421,487641;;;818,7245077;24,67476966;;ors_old_2010_2016
2012;12;66725,26659;63648,95404;61597,24151;2051,712531;2298,569117;;;759,4382741;18,30515684;;ors_old_2010_2016
2013;1;66192,6274;62603,38033;60149,83759;2453,54274;2825,076606;;;735,7843954;28,3860763;;ors_old_2010_2016
2013;2;66137,97447;63028,58506;60713,35581;2315,229246;2366,008686;;;726,33409;17,04663448;;ors_old_2010_2016
2013;3;66201,10661;62844,28059;60696,17986;2148,100726;2586,013356;;;747,5233383;23,28932885;;ors_old_2010_2016
2013;4;66058,12284;62869,3333;60574,90663;2294,426667;2527,344664;;;642,3686869;19,0761874;;ors_old_2010_2016
2013;5;66318,97527;62843,49385;60800,59326;2042,90059;2651,821723;;;797,7898305;25,86986039;;ors_old_2010_2016
2013;6;66122,21415;62539,40585;60308,73972;2230,666127;2918,382232;;;644,3351971;20,09086887;;ors_old_2010_2016
2013;7;66039,281;62480,82026;60388,77337;2092,046893;2923,995305;;;614,4657146;19,9997245;;ors_old_2010_2016
2013;8;66510,99391;62898,26093;60553,40888;2344,852045;2904,123656;;;681,2449729;27,36435663;;ors_old_2010_2016
2013;9;66247,82442;62733,16313;60716,04535;2017,11778;2781,7052;;;712,0618351;20,89426038;;ors_old_2010_2016
2013;10;65871,90443;62420,46407;60254,10878;2166,355287;2732,625342;;;709,1117363;9,703289257;;ors_old_2010_2016
2013;11;66444,07638;63007,45597;60864,82901;2142,626969;2610,741222;;;802,939881;22,93929931;;ors_old_2010_2016
2013;12;66216,86291;62838,6302;60482,33239;2356,297806;2600,340576;;;764,4382005;13,45393496;;ors_old_2010_2016
2014;1;65613,98461;62471,37623;59601,18528;2870,190957;2524,27513;;;566,2133045;34,03086086;18,08907849;ors_old_2010_2016
2014;2;66047,3831;63032,0201;60397,25309;2634,767012;2348,193591;;;624,3963487;16,62501943;26,14804343;ors_old_2010_2016
2014;3;66179,7527;62923,04258;60485,25046;2437,792126;2618,572881;;;603,8223605;28,62769805;5,687181123;ors_old_2010_2016
2014;4;65984,16912;63066,6283;60633,66596;2432,962345;2375,030544;;;500,9802351;17,94258134;23,58745808;ors_old_2010_2016
2014;5;66045,78203;62795,05411;60490,42922;2304,624891;2487,729949;;;689,9330142;48,69986704;24,36508964;ors_old_2010_2016
2014;6;66304,8684;63026,72055;60405,28118;2621,439367;2674,854681;;;562,863042;18,68475182;21,74537518;ors_old_2010_2016
2014;7;66564,6537;63008,43612;60397,31506;2611,12106;2915,579846;;;573,8514667;42,44059582;24,34567494;ors_old_2010_2016
2014;8;66525,41262;63134,72396;60308,343;2826,380954;2798,16221;;;555,428251;23,16856601;13,92963793;ors_old_2010_2016
2014;9;66563,55427;62954,63977;60126,05591;2828,583866;2950,849768;;;609,9348906;31,01129535;17,11854593;ors_old_2010_2016
2014;10;66826,02614;63390,06828;60673,78787;2716,280406;2760,399839;;;614,630055;28,98189975;31,94606564;ors_old_2010_2016
2014;11;66632,73899;63385,12009;60578,93493;2806,185155;2584,346484;;;614,4866683;27,02931642;21,75643265;ors_old_2010_2016
2014;12;67251,39979;63807,64322;61224,79145;2582,851768;2824,239254;;;568,7909746;23,6153713;27,11097053;ors_old_2010_2016
2015;1;66894,9259;63668,90921;60826,67951;2842,2297;2595,8262;;;596,0062798;21,41453481;12,76967614;ors_old_2010_2016
2015;2;66715,27852;63477,68215;60840,12441;2637,557739;2536,374939;;;671,4555562;28,65909628;1,106772727;ors_old_2010_2016
2015;3;66573,91642;63418,11514;60887,25333;2530,861809;2657,469226;;;461,5030094;33,29407775;3,534967262;ors_old_2010_2016
2015;4;66715,04594;63125,75082;60681,77712;2443,973698;2866,790338;;;677,8074954;38,69708928;6,000196443;ors_old_2010_2016
2015;5;66961,41669;63453,82207;60804,89531;2648,926761;2754,993882;;;727,3767902;13,93134138;11,29260408;ors_old_2010_2016
2015;6;67109,95196;63523,5718;60839,10844;2684,463352;2845,37361;;;698,7896609;40,20916054;2,007736842;ors_old_2010_2016
2015;7;67516,30199;63887,32569;61252,28187;2635,043826;2969,717768;;;627,4807989;23,80784672;7,969880153;ors_old_2010_2016
2015;8;67668,70324;64292,84457;61252,58408;3040,260493;2780,959969;;;574,00456;19,42309674;1,471043478;ors_old_2010_2016
2015;9;67286,1749;63999,35443;61378,0351;2621,319323;2662,738545;;;582,4811372;30,76668829;10,83410055;ors_old_2010_2016
2015;10;67447,9322;63916,57887;61321,19447;2595,384397;2910,298492;;;593,7904594;25,79033622;1,474043478;ors_old_2010_2016
2015;11;66996,39286;63864,99832;61174,87695;2690,121369;2507,230846;;;595,5398408;22,51821804;6,10563524;ors_old_2010_2016
2015;12;67427,65404;64410,94948;61611,91731;2799,032167;2394,623427;;;593,7398752;27,19111159;1,150142857;ors_old_2010_2016
2016;1;66344,47672;63439,33601;61080,52803;2358,807986;2322,452557;;;547,3502187;26,39781349;8,940118419;ors_old_2010_2016
2016;2;66362,55022;63352,14729;60951,61208;2400,535209;2345,154248;;;625,79559;32,09080878;7,36227808;ors_old_2010_2016
2016;3;66495,63191;63450,71485;60982,43519;2468,279662;2459,391885;;;563,8940861;13,84716215;7,783928542;ors_old_2010_2016
2016;4;66579,40922;63556,90526;61156,12525;2400,780003;2439,375801;;;527,6967434;51,35347274;4,077947723;ors_old_2010_2016
2016;5;66426,64627;63290,93107;60820,29336;2470,637716;2512,402286;;;591,4876322;28,39009316;3,435182675;ors_old_2010_2016
2016;6;66907,31298;63561,20021;61086,2604;2474,939805;2583,434004;;;716,4433088;34,92660028;11,30885963;ors_old_2010_2016
2016;7;67283,5512;63761,56892;61386,15923;2375,409687;2890,23415;;;599,7162963;19,86345145;12,16837641;ors_old_2010_2016
2016;8;67460,93182;64244,63518;61549,76114;2694,874041;2565,089703;;;614,6140541;30,41813694;6,17474699;ors_old_2010_2016
2016;9;67401,22145;64192,22997;61551,9702;2640,259773;2563,286011;;;620,0677387;20,24903944;5,388686842;ors_old_2010_2016
2016;10;67033,34631;63712,87358;61210,4351;2502,438478;2702,360138;;;599,5507995;15,7132194;2,848575188;ors_old_2010_2016
2016;11;67362,2064;64362,35295;61853,94581;2508,407148;2380,197737;;;591,733282;24,11608954;3,806335106;ors_old_2010_2016
2016;12;67963,06485;64837,4669;62524,84676;2312,620136;2393,514879;;;712,5500548;16,2135599;3,319452381;ors_old_2010_2016
2017;1;67228,16262;64152,76726;61405,92767;2746,839589;2463,524561;;;566,2705556;37,99842866;7,6018235;ors_old_2017_2019
2017;2;67322,65544;64340,21206;61637,22985;2702,982218;2462,187036;;;491,0447155;22,53850788;6,673118954;ors_old_2017_2019
2017;3;67468,22876;64456,56333;61842,26042;2614,302906;2407,622554;;;583,7475868;16,3752822;3,920007793;ors_old_2017_2019
2017;4;67260,05619;64243,65269;62096,66006;2146,992626;2397,434599;;;565,6413708;32,02903827;21,29849271;ors_old_2017_2019
2017;5;67275,95808;63909,09418;61896,16481;2012,92937;2728,389388;;;607,4311103;26,37593708;4,66745937;ors_old_2017_2019
2017;6;67398,00228;64141,04263;61872,74036;2268,302269;2594,253458;;;636,1589083;15,36734687;11,17993886;ors_old_2017_2019
2017;7;67344,60374;63890,65991;61651,92805;2238,731855;2806,448048;;;624,5797826;21,06263087;1,853373377;ors_old_2017_2019
2017;8;67882,16352;64261,91834;61868,96884;2392,949507;3016,899785;;;589,1303105;7,162559829;7,052521428;ors_old_2017_2019
2017;9;67917,10156;64388,39043;62146,00271;2242,387723;2934,214635;;;564,3348598;22,18500064;7,976636217;ors_old_2017_2019
2017;10;67781,33476;64373,70815;62093,04652;2280,661633;2716,495787;;;655,3673082;28,21540891;7,548105253;ors_old_2017_2019
2017;11;67506,20577;64414,57831;62174,01855;2240,559764;2430,820038;;;633,0912745;26,30745193;1,408692935;ors_old_2017_2019
2017;12;67853,03492;64573,57712;62694,35638;1879,220739;2639,425608;;;607,7205124;21,41315227;10,89852618;ors_old_2017_2019
2018;1;67302,30999;64113,57008;62215,33988;1898,230205;2528,85791;;;621,7279683;28,33631379;9,8177179;ors_old_2017_2019
2018;2;67115,7608;64233,98609;62268,82652;1965,159567;2256,233811;;;573,558491;42,57804609;9,404361725;ors_old_2017_2019
2018;3;67225,73032;64123,79778;62148,29604;1975,501749;2503,750756;;;563,9599056;22,17268815;12,04918823;ors_old_2017_2019
2018;4;67513,25215;64402,13705;62588,71882;1813,418226;2415,051469;;;664,0581067;29,76627996;2,23925;ors_old_2017_2019
2018;5;67293,50612;64183,48702;62285,00427;1898,482758;2562,966625;;;523,2209871;15,77270143;8,058779798;ors_old_2017_2019
2018;6;67470,54843;63881,25509;61896,48134;1984,773747;2765,633946;;;798,8785863;16,54122813;8,23958292;ors_old_2017_2019
2018;7;67535,20766;64162,12657;62221,04385;1941,082716;2720,428186;;;630,1283687;11,45957903;11,0649602;ors_old_2017_2019
2018;8;68095,42862;64505,9855;62101,32401;2404,661495;2868,331933;;;679,8627058;32,86049314;8,387987748;ors_old_2017_2019
2018;9;68133,03015;64799,10353;62593,58852;2205,515016;2698,907285;;;589,5659226;35,40674265;10,04666501;ors_old_2017_2019
2018;10;67500,01849;64349,24101;62105,2257;2244,01531;2450,432832;;;666,6011801;33,74347314;0;ors_old_2017_2019
2018;11;67683,45781;64542,24648;62327,76736;2214,479118;2483,174106;;;623,7582457;28,73384718;5,54512567;ors_old_2017_2019
2018;12;68052,35671;64945,49058;62612,80507;2332,68551;2448,651187;;;625,8923846;31,1136624;1,2089;ors_old_2017_2019
2019;1;66622,48682;63352,87033;61540,41597;1812,454361;2476,907594;;;760,7816347;;31,92726001;ors_old_2017_2019
2019;2;67010,49839;63804,32168;62219,36603;1584,955642;2474,310206;;;701,8654938;;30,00100995;ors_old_2017_2019
2019;3;66701,27087;63405,75517;61550,83889;1854,916278;2562,5946;;;707,5554196;;25,36568467;ors_old_2017_2019
2019;4;66507,51354;62921,99146;61009,73972;1912,251741;2715,740608;;;848,6191549;;21,16231336;ors_old_2017_2019
2019;5;66477,90537;62633,29565;60862,46492;1770,830733;2937,100288;;;870,4743014;;37,03512586;ors_old_2017_2019
2019;6;67016,74371;63309,8391;61149,45922;2160,379881;2907,797084;;;762,2893484;;36,81818534;ors_old_2017_2019
2019;7;67362,88828;63465,52742;61536,32768;1929,19974;2863,353109;;;1000,376769;;33,63098156;ors_old_2017_2019
2019;8;67340,08727;63892,50021;61933,43666;1959,063551;2657,029423;;;759,308002;;31,24963557;ors_old_2017_2019
2019;9;67539,7783;64069,76602;62186,60041;1883,165609;2640,094725;;;791,7561637;;38,16138896;ors_old_2017_2019
2019;10;67018,24914;63583,21392;61690,28782;1892,926098;2456,875508;;;952,3939273;;25,76578401;ors_old_2017_2019
2019;11;67833,80516;64448,5197;62465,92029;1982,59941;2567,794154;;;793,1879721;;24,30333119;ors_old_2017_2019
2019;12;67876,35519;64328,9948;62492,11023;1836,884569;2601,691892;;;915,3253358;;30,34316099;ors_old_2017_2019
2020;1;66792,72246;63431,0089;61745,39301;1685,615897;2277,121477;;;1044,139699;;40,45238311;ors_old_2020_2021
2020;2;66842,09437;63654,9781;61902,47211;1752,505991;2335,391868;;;798,8954674;;52,82893897;ors_old_2020_2021
2020;3;66670,27881;63424,50287;61569,97769;1854,525183;2347,29079;;;873,7506853;;24,73446528;ors_old_2020_2021
2020;4;65379,53531;62565,89304;60856,83765;1709,055395;1983,879254;;;720,3648596;;109,3981523;ors_old_2020_2021
2020;5;65088,53505;62138,65952;60584,62664;1554,032877;1998,249749;;;891,2293636;;60,39641517;ors_old_2020_2021
2020;6;65303,50105;62215,27631;60727,26241;1488,013895;2085,157585;;;962,1127987;;40,95435646;ors_old_2020_2021
2020;7;65381,03194;62177,67765;60537,21721;1640,460448;2302,059254;;;864,3069291;;36,98810442;ors_old_2020_2021
2020;8;65391,87876;61874,08141;59956,62452;1917,456882;2342,256725;;;1127,462736;;48,07788863;ors_old_2020_2021
2020;9;65487,42319;62135,8676;60342,42415;1793,443447;2437,94993;;;849,7113051;;63,89435308;ors_old_2020_2021
2020;10;65410,65094;61986,26852;60412,37951;1573,889012;2477,974339;;;884,157118;;62,25095979;ors_old_2020_2021
2020;11;66233,35305;63121,12773;61520,89039;1600,237338;2245,016917;;;808,6075628;;58,60084569;ors_old_2020_2021
2020;12;66014,17169;62873,29085;60947,54443;1925,746421;2118,056791;;;981,8407481;;40,98330004;ors_old_2020_2021
2021;1;66192,5141;62895,25883;61101,02643;1794,232399;2031,184031;;;1222,704782;;43,36645909;ors_old_2020_2021
2021;2;66249,20944;62867,72474;61276,68689;1591,03785;2207,67348;;;1137,280337;;36,53088381;ors_old_2020_2021
2021;3;66190,04347;62901,41736;61192,82793;1708,589421;2188,852902;;;1083,097621;;16,67558898;ors_old_2020_2021
2021;4;66338,29919;63099,38209;61420,21415;1679,167936;2139,09324;;;1063,760742;;36,0631188;ors_old_2020_2021
2021;5;66420,91787;62648,74862;61135,13998;1513,60864;2533,703173;;;1223,416864;;15,0492049;ors_old_2020_2021
2021;6;66738,46009;63494,54804;61920,95654;1573,591503;2318,365233;;;886,7714371;;38,77537342;ors_old_2020_2021
2021;7;67202,13875;63664,87965;61964,94693;1699,932721;2380,539308;;;1125,319106;;31,40068709;ors_old_2020_2021
2021;8;67351,51185;63792,73119;62340,49733;1452,233863;2378,064544;;;1143,94857;;36,76754208;ors_old_2020_2021
2021;9;67599,68566;64424,385;63055,51369;1368,87131;2200,561177;;;920,9844218;;53,75506329;ors_old_2020_2021
2021;10;67568,7625;64318,90633;62881,55065;1437,35569;2158,743749;;;1072,758597;;18,35381569;ors_old_2020_2021
2021;11;67514,56879;64533,6877;63262,62242;1271,065282;1952,912553;;;1000,002808;;27,96572264;ors_old_2020_2021
2021;12;67867,2239;64611,4913;63241,52124;1369,970055;1999,607093;;;1205,918315;;50,20719064;ors_old_2020_2021
2022;1;67054,58604;63251,55813;;;2137,866333;;;1665,161575;;;ors_old_2022
2022;2;67066,4311;63805,04255;;;1894,062612;;;1367,325943;;;ors_old_2022
2022;3;66765,38527;62989,10625;;;2304,257019;;;1472,022001;;;ors_old_2022
2022;4;66828,93782;63343,37568;;;2117,076159;;;1368,485989;;;ors_old_2022
2022;5;66825,79496;63105,04342;;;2255,378569;;;1465,372962;;;ors_old_2022
2022;6;66875,20765;63276,16381;;;2247,635525;;;1351,408313;;;ors_old_2022
2022;7;66951,55658;63513,39342;;;2100,222104;;;1337,941056;;;ors_old_2022
2022;8;67263,47508;63683,73389;;;2245,165568;;;1334,575617;;;ors_old_2022
2022;9;67299,26416;64007,18156;;;2089,097185;;;1202,985415;;;ors_old_2022
2022;10;67085,36276;63665,72085;;;2208,548891;;;1211,093022;;;ors_old_2022
2022;11;67448,29211;64349,1508;;;1877,676923;;;1221,46439;;;ors_old_2022
2022;12;67262,55973;64348,81348;;;1787,911434;;;1125,834811;;;ors_old_2022
2023;1;68400,21084;65193,95483;;;1924,144659;;;1282,111353;;;ors_old_2023
2023;2;68074,57789;65120,85456;;;1812,502085;;;1141,221254;;;ors_old_2023
2023;3;68060,67443;65173,82779;;;1813,194747;;;1073,651889;;;ors_old_2023
2023;4;68572,27381;65696,14984;;;1795,545205;;;1080,578771;;;ors_old_2023
2023;5;68161,44856;65152,93411;;;1983,889008;;;1024,625436;;;ors_old_2023
2023;6;68290,17196;65436,45834;;;1863,524156;;;990,1894646;;;ors_old_2023
2023;7;68697,87098;65431,48178;;;2117,697202;;;1148,691991;;;ors_old_2023
2023;8;68843,584;65709,24339;;;2035,066317;;;1099,274291;;;ors_old_2023
2023;9;68783,92293;66101,44861;;;1685,392576;;;997,0817408;;;ors_old_2023
2023;10;68844,26619;65910,13929;;;1638,160143;;;1295,966762;;;ors_old_2023
2023;11;69011,78528;66134,08276;;;1613,347914;;;1264,354606;;;ors_old_2023
2023;12;69478,57433;66705,30776;;;1352,759922;;;1420,506654;;;ors_old_2023
2010;1;63372,13684;60508,37289;57192,38832;3315,984574;2084,175157;;;749,709231;29,87956336;;ors_new_2010_2012
2010;2;64033,61157;61165,71825;58075,71924;3089,999015;1988,814712;;;844,5620794;34,51652412;;ors_new_2010_2012
2010;3;64228,96074;61562,82802;58431,54976;3131,278255;2035,12735;;;613,6552936;17,35008363;;ors_new_2010_2012
2010;4;64118,35933;61315,80925;58247,79063;3068,018629;2039,628309;;;733,8877779;29,03399299;;ors_new_2010_2012
2010;5;65458,18204;62510,11121;59412,97409;3097,137119;2233,806354;;;693,7571034;20,50737136;;ors_new_2010_2012
2010;6;66129,72147;63080,97065;59782,40707;3298,563582;2283,332193;;;731,4694495;33,94917457;;ors_new_2010_2012
2010;7;65401,20955;62042,18368;59100,30975;2941,873924;2610,93864;;;730,2259321;17,86129633;;ors_new_2010_2012
2010;8;65589,45993;62341,66706;59412,12279;2929,544272;2525,747863;;;704,6437721;17,40123831;;ors_new_2010_2012
2010;9;66154,59651;62795,71646;60102,53382;2693,182641;2610,302051;;;727,0705888;21,50741507;;ors_new_2010_2012
2010;10;66135,87373;63272,00368;60725,27013;2546,733549;2255,602839;;;593,847308;14,4199078;;ors_new_2010_2012
2010;11;65970,87103;63075,1304;60517,20212;2557,928278;2321,310231;;;562,6502366;11,78016254;;ors_new_2010_2012
2010;12;65302,06208;62625,88618;60146,97036;2478,915824;2090,621225;;;573,8018293;11,75284136;;ors_new_2010_2012
2011;1;64518,38699;61551,77501;58268,99;3282,785011;2189,860429;;;764,7393854;12,0121589;;ors_new_2010_2012
2011;2;64696,643;62107,0591;59428,95215;2678,106952;1980,199554;;;595,9595622;13,42478513;;ors_new_2010_2012
2011;3;65035,92676;62214,17909;59789,11934;2425,059752;2235,667527;;;567,1678507;18,91228963;;ors_new_2010_2012
2011;4;65030,50458;62023,57417;59645,86157;2377,712601;2303,160622;;;698,7108481;5,058933333;;ors_new_2010_2012
2011;5;65970,19339;62960,71264;60432,14634;2528,566296;2245,876445;;;746,5050911;17,09920998;;ors_new_2010_2012
2011;6;66397,82775;63272,48665;60644,5696;2627,91705;2506,873389;;;602,7914135;15,6763051;;ors_new_2010_2012
2011;7;65867,65104;62780,47655;59958,86184;2821,614703;2360,933201;;;700,1606234;26,08066847;;ors_new_2010_2012
2011;8;66705,07859;63734,78589;61445,2245;2289,561396;2398,023101;;;561,08938;11,18021141;;ors_new_2010_2012
2011;9;66602,29814;63358,15732;61023,1391;2335,018227;2504,401327;;;727,0411672;12,69832543;;ors_new_2010_2012
2011;10;66054,63208;62994,96692;60801,75848;2193,208434;2368,781942;;;685,7070009;5,176219231;;ors_new_2010_2012
2011;11;66428,58709;63335,37844;61178,25055;2157,127889;2370,491649;;;712,9309621;9,786039771;;ors_new_2010_2012
2011;12;66619,25948;63723,01665;61477,71753;2245,299125;2280,649319;;;601,2857738;14,30772867;;ors_new_2010_2012
2012;1;65413,21255;62213,97731;59439,73406;2774,243252;2406,538038;;;779,7063824;12,99081931;;ors_new_2010_2012
2012;2;65479,96861;62382,90783;59892,62559;2490,28224;2376,233789;;;692,6520144;28,17497115;;ors_new_2010_2012
2012;3;65449,55157;62414,48743;59947,82437;2466,663068;2352,184607;;;671,9864478;10,89308347;;ors_new_2010_2012
2012;4;66279,72783;63191,18829;60875,1722;2316,01609;2294,128654;;;766,3521117;28,05877954;;ors_new_2010_2012
2012;5;67174,89252;63807,71988;61351,89144;2455,82844;2441,058044;;;903,0882564;23,02633529;;ors_new_2010_2012
2012;6;67354,95355;64120,94669;61399,61424;2721,332445;2405,869279;;;819,6655224;8,472059728;;ors_new_2010_2012
2012;7;66735,53803;63354,59357;61131,82068;2222,772887;2636,5957;;;726,7178919;17,63086958;;ors_new_2010_2012
2012;8;67468,73643;63597,50956;61381,86615;2215,64341;2925,327688;;;940,3413301;5,557853175;;ors_new_2010_2012
2012;9;67053,14684;63535,70236;61106,6432;2429,059156;2721,052558;;;771,8607237;24,53119474;;ors_new_2010_2012
2012;10;66897,70609;63467,48891;61440,5444;2026,944502;2601,454406;;;801,7855215;26,97725667;;ors_new_2010_2012
2012;11;67140,32997;63875,44306;61710,78845;2164,654608;2421,487641;;;818,7245077;24,67476966;;ors_new_2010_2012
2012;12;66725,26659;63648,95404;61597,24151;2051,712531;2298,569117;;;759,4382741;18,30515684;;ors_new_2010_2012
2013;1;66273,33409;62677,54803;60230,51817;2447,02986;2828,699759;;;738,7700105;28,31629562;;ors_new_2013_2015
2013;2;66217,18449;63103,95168;60789,34693;2314,604754;2368,007834;;;728,1769959;17,0479774;;ors_new_2013_2015
2013;3;66273,82642;62910,51052;60762,64099;2147,869524;2589,59464;;;750,433423;23,28783413;;ors_new_2013_2015
2013;4;66140,76178;62947,75136;60659,09965;2288,651705;2530,32304;;;643,5437638;19,14362272;;ors_new_2013_2015
2013;5;66396,67252;62915,55047;60874,54547;2041,004995;2653,578796;;;801,5223256;26,02093259;;ors_new_2013_2015
2013;6;66204,54982;62615,46839;60391,52651;2223,941878;2921,698941;;;647,2692785;20,1132175;;ors_new_2013_2015
2013;7;66107,39303;62543,02534;60455,06798;2087,957355;2927,818725;;;616,6558554;19,89311742;;ors_new_2013_2015
2013;8;66590,55704;62973,03266;60632,57576;2340,456899;2906,889229;;;683,0502863;27,58486517;;ors_new_2013_2015
2013;9;66323,93228;62802,33574;60790,70903;2011,626709;2783,657798;;;717,0843124;20,85442547;;ors_new_2013_2015
2013;10;65948,18521;62490,38483;60328,1568;2162,228034;2736,090777;;;711,9913604;9,718244205;;ors_new_2013_2015
2013;11;66516,68811;63074,67327;60938,61557;2136,057706;2613,583675;;;804,6777752;23,75338606;;ors_new_2013_2015
2013;12;66288,09284;62901,70314;60550,99326;2350,709879;2605,797988;;;767,1070783;13,48462735;;ors_new_2013_2015
2014;1;65746,13088;62595,92167;59735,07124;2860,850433;2528,946676;;;568,7534042;34,35505307;18,1540797;ors_new_2013_2015
2014;2;66183,8648;63162,33046;60532,94303;2629,387428;2351,96126;;;626,8929852;16,4910954;26,18900334;ors_new_2013_2015
2014;3;66320,70058;63057,6606;60628,45874;2429,201854;2622,079751;;;606,5422466;28,76116121;5,656818812;ors_new_2013_2015
2014;4;66113,80449;63193,35316;60765,83972;2427,513436;2377,724884;;;501,102969;18,01664076;23,60684225;ors_new_2013_2015
2014;5;66192,41912;62937,97589;60635,66988;2302,306012;2489,745963;;;691,3151641;48,99664569;24,38545291;ors_new_2013_2015
2014;6;66445,64679;63162,20052;60539,60149;2622,599033;2676,98561;;;566,0187877;18,66761558;21,77425246;ors_new_2013_2015
2014;7;66696,94797;63136,29589;60534,67035;2601,625546;2917,966653;;;575,3679427;42,83639223;24,48109388;ors_new_2013_2015
2014;8;66666,77392;63271,56742;60449,02108;2822,546338;2801,646743;;;556,3143087;23,24844668;13,99700412;ors_new_2013_2015
2014;9;66687,63068;63065,73498;60236,24688;2829,488099;2958,936456;;;614,8547419;31,02270659;17,08180364;ors_new_2013_2015
2014;10;66962,42006;63522,38768;60809,99901;2712,388674;2763,194346;;;615,7858934;29,18090722;31,87122465;ors_new_2013_2015
2014;11;66772,0596;63519,08964;60719,34073;2799,748912;2588,03445;;;615,9632106;27,24892462;21,72337357;ors_new_2013_2015
2014;12;67388,34809;63935,3415;61355,12761;2580,213891;2829,33256;;;572,8164316;23,57936388;27,27823752;ors_new_2013_2015
2015;1;67045,71541;63814,03477;60979,25375;2834,781017;2597,048033;;;600,4892129;21,37449106;12,76890288;ors_new_2013_2015
2015;2;66840,34783;63601,58988;60973,54613;2628,043752;2535,151004;;;672,9281012;29,6358388;1,043;ors_new_2013_2015
2015;3;66697,77637;63542,28636;61015,88163;2526,404729;2654,171872;;;463,9245321;33,85929;3,534316137;ors_new_2013_2015
2015;4;66851,57991;63258,51792;60811,04677;2447,47115;2867,800923;;;680,565902;38,77090712;5,924257085;ors_new_2013_2015
2015;5;67107,35722;63599,46238;60959,96345;2639,498933;2753,343642;;;728,7022527;14,46802348;11,38091998;ors_new_2013_2015
2015;6;67262,08389;63671,93056;60996,5662;2675,364365;2845,97076;;;701,5102362;40,68985597;1,982473684;ors_new_2013_2015
2015;7;67638,94013;64012,27244;61384,293;2627,97944;2964,690581;;;630,0025376;23,7951365;8,179432367;ors_new_2013_2015
2015;8;67818,0175;64437,02946;61404,33177;3032,697688;2785,095732;;;574,6552744;19,76538314;1,471652174;ors_new_2013_2015
2015;9;67416,44337;64127,67616;61513,36329;2614,312865;2659,366657;;;587,974204;31,1157855;10,31056758;ors_new_2013_2015
2015;10;67601,49188;64061,37179;61469,31378;2592,05801;2915,597164;;;596,6685074;26,39385666;1,460565217;ors_new_2013_2015
2015;11;67128,52227;63989,82183;61308,49816;2681,32367;2511,631778;;;597,8796782;23,05393833;6,135042019;ors_new_2013_2015
2015;12;67542,98862;64524,37061;61734,83552;2789,535086;2394,911813;;;595,2399882;27,31728476;1,148928571;ors_new_2013_2015
2016;1;66609,33798;63698,04191;61339,43142;2358,610495;2323,952139;;;551,3258877;26,58516012;9,432879331;ors_new_2016
2016;2;66634,30926;63620,78449;61225,81909;2394,965403;2346,828147;;;627,4442213;31,81718337;7,435222976;ors_new_2016
2016;3;66769,03654;63720,28003;61260,00162;2460,278408;2462,059573;;;565,1477084;13,90922519;7,640004926;ors_new_2016
2016;4;66840,14003;63805,87177;61417,91051;2387,961253;2447,653858;;;531,2291144;51,34376425;4,041531315;ors_new_2016
2016;5;66695,70794;63556,35338;61100,91559;2455,437792;2513,557187;;;593,8144496;28,58293877;3,399985562;ors_new_2016
2016;6;67170,37269;63815,89303;61346,24887;2469,644163;2585,083401;;;721,4021308;36,80857141;11,18554994;ors_new_2016
2016;7;67544,8262;64021,97061;61647,09127;2374,879336;2889,370941;;;601,4781637;19,84861565;12,15787664;ors_new_2016
2016;8;67740,13314;64524,07477;61828,96326;2695,111505;2564,273413;;;615,2066357;30,55087021;6,027451613;ors_new_2016
2016;9;67659,57198;64438,8508;61794,25005;2644,600743;2568,363;;;626,8185899;20,25214945;5,287442105;ors_new_2016
2016;10;67321,6163;63995,13225;61493,23835;2501,893892;2705,292656;;;602,5035236;15,85969719;2,828180451;ors_new_2016
2016;11;67642,80339;64636,29404;62131,14978;2505,144265;2383,158236;;;595,2909867;24,21541125;3,84470922;ors_new_2016
2016;12;68240,29285;65108,01494;62801,73488;2306,28006;2393,110503;;;719,660229;16,15650983;3,350670772;ors_new_2016
2017;1;67544,33087;64462,6382;61716,84078;2745,797417;2467,657077;;;568,7373793;37,57918707;7,719028118;ors_new_2017_2019
2017;2;67653,45453;64663,70396;61960,43904;2703,264922;2468,957393;;;491,8302744;22,28796175;6,674939869;ors_new_2017_2019
2017;3;67795,09721;64771,36113;62155,64366;2615,717467;2414,988364;;;588,301132;16,60490829;3,841672727;ors_new_2017_2019
2017;4;67595,17455;64577,54803;62433,76256;2143,785465;2395,538752;;;569,355556;31,8736724;20,85854766;ors_new_2017_2019
2017;5;67616,33169;64246,08351;62237,34533;2008,738181;2730,378416;;;608,1065544;26,75070065;5,012506277;ors_new_2017_2019
2017;6;67742,54892;64475,45016;62212,76288;2262,687286;2601,443641;;;638,7843751;15,70954435;11,16119903;ors_new_2017_2019
2017;7;67664,07925;64201,21431;61970,44599;2230,768326;2808,179537;;;631,586691;21,22255359;1,876155844;ors_new_2017_2019
2017;8;68226,16374;64610,7965;62218,37423;2392,422269;3010,6121;;;590,4302268;7,265066544;7,059845239;ors_new_2017_2019
2017;9;68257,56899;64720,15215;62483,05513;2237,097018;2940,692098;;;566,8047721;22,28641653;7,633558211;ors_new_2017_2019
2017;10;68128,52203;64713,81125;62446,07013;2267,741117;2719,221588;;;659,7075948;28,19279808;7,588804039;ors_new_2017_2019
2017;11;67869,90932;64766,67616;62522,26202;2244,414139;2437,459362;;;638,2248038;26,24797666;1,301008152;ors_new_2017_2019
2017;12;68203,99711;64906,6298;63026,67814;1879,951664;2645,235792;;;620,0935952;21,57451836;10,46339671;ors_new_2017_2019
2018;1;67687,47229;64486,89261;62579,70813;1907,184479;2534,977407;;;627,021478;28,7733324;9,80746074;ors_new_2017_2019
2018;2;67516,77244;64627,08049;62661,98811;1965,092377;2259,098448;;;579,196062;42,10341419;9,294026357;ors_new_2017_2019
2018;3;67611,05017;64504,35405;62526,97102;1977,383029;2506,667894;;;565,4103237;22,66527098;11,95262822;ors_new_2017_2019
2018;4;67910,44995;64785,26244;62967,51472;1817,747727;2422,649859;;;670,0180523;30,11114345;2,40845;ors_new_2017_2019
2018;5;67709,91377;64589,06079;62682,71639;1906,344401;2566,757781;;;529,7254033;16,06245214;8,307347993;ors_new_2017_2019
2018;6;67853,95416;64244,51919;62257,07638;1987,442808;2778,247579;;;806,6645482;16,47202624;8,050817069;ors_new_2017_2019
2018;7;67915,30033;64532,554;62583,88944;1948,664558;2725,112944;;;634,7029118;11,89711115;11,03336289;ors_new_2017_2019
2018;8;68509,64074;64921,61903;62509,21692;2412,402103;2860,724311;;;685,6183481;32,76087836;8,918178756;ors_new_2017_2019
2018;9;68524,92427;65178,06165;62957,90901;2220,152646;2706,427171;;;595,2336478;35,07252263;10,12928018;ors_new_2017_2019
2018;10;67887,44869;64741,56497;62492,45124;2249,113732;2440,082217;;;672,0843315;33,71716747;0;ors_new_2017_2019
2018;11;68098,22706;64946,21725;62717,47929;2228,73796;2487,469299;;;629,9025136;29,19920313;5,43879949;ors_new_2017_2019
2018;12;68450,60573;65338,74273;62990,90037;2347,842352;2449,704124;;;629,6409555;31,36767979;1,15025;ors_new_2017_2019
2019;1;67024,12348;63739,08766;61919,08095;1820,006712;2484,024785;;;768,319775;;32,69125284;ors_new_2017_2019
2019;2;67447,37262;64236,06543;62644,282;1591,783424;2473,217028;;;707,5898291;;30,50033535;ors_new_2017_2019
2019;3;67137,30264;63837,17937;61982,46537;1854,713998;2562,181916;;;712,2260686;;25,71528679;ors_new_2017_2019
2019;4;66931,64565;63326,41292;61413,60792;1912,804999;2728,880075;;;854,1344614;;22,21819553;ors_new_2017_2019
2019;5;66906,11618;63058,97537;61269,14428;1789,831089;2936,004103;;;874,2000263;;36,93667303;ors_new_2017_2019
2019;6;67430,74413;63708,73377;61529,21495;2179,518822;2916,882179;;;767,9470515;;37,18112558;ors_new_2017_2019
2019;7;67788,57096;63884,22445;61943,26309;1940,961356;2863,200264;;;1007,775;;33,37124888;ors_new_2017_2019
2019;8;67788,2658;64330,23597;62355,63777;1974,598206;2661,295714;;;764,9176517;;31,81645862;ors_new_2017_2019
2019;9;67969,09369;64493,18195;62594,33438;1898,847566;2640,521334;;;796,8520751;;38,53832868;ors_new_2017_2019
2019;10;67450,57424;64001,23366;62089,1747;1912,058959;2463,615779;;;959,8954656;;25,8293347;ors_new_2017_2019
2019;11;68267,09552;64876,30947;62876,91143;1999,39804;2569,522277;;;796,5751171;;24,68865829;ors_new_2017_2019
2019;12;68304,83913;64739,02638;62894,36495;1844,661437;2607,307875;;;927,6059522;;30,89892398;ors_new_2017_2019
2020;1;67289,07791;63904,79953;62217,80559;1686,993937;2280,427381;;;1062,612908;;41,23809018;ors_new_2020_2021
2020;2;67324,56928;64124,07265;62358,08958;1765,983069;2336,360005;;;811,1446318;;52,99199604;ors_new_2020_2021
2020;3;67157,66157;63917,44532;62053,83095;1863,614372;2341,754414;;;873,6799882;;24,78184686;ors_new_2020_2021
2020;4;65840,95558;63007,70513;61287,86311;1719,842017;1996,437512;;;725,5927876;;111,2201586;ors_new_2020_2021
2020;5;65550,41455;62596,13456;61031,31002;1564,824543;2001,720285;;;891,9337928;;60,62590245;ors_new_2020_2021
2020;6;65772,84067;62678,26548;61181,05518;1497,210302;2084,528729;;;968,7292038;;41,31725693;ors_new_2020_2021
2020;7;65849,06162;62637,10743;60994,3917;1642,715725;2304,418803;;;871,1618699;;36,3735219;ors_new_2020_2021
2020;8;65884,39804;62355,60736;60425,40546;1930,201899;2341,23778;;;1137,573717;;49,97918824;ors_new_2020_2021
2020;9;65943,84684;62577,8187;60770,81291;1807,005784;2435,005645;;;866,8864256;;64,13607314;ors_new_2020_2021
2020;10;65888,29279;62446,13611;60866,72426;1579,411851;2483,315606;;;896,0867693;;62,75430068;ors_new_2020_2021
2020;11;66727,7864;63602,3429;61994,8004;1607,5425;2251,743632;;;813,8748243;;59,82505202;ors_new_2020_2021
2020;12;66502,90824;63347,69528;61417,10762;1930,587659;2120,464893;;;992,3860581;;42,36201338;ors_new_2020_2021
2021;1;66698,01472;63384,00415;61579,62116;1804,382998;2030,898715;;;1237,937427;;45,17442831;ors_new_2020_2021
2021;2;66783,35039;63387,90963;61787,24461;1600,665025;2205,927516;;;1152,580441;;36,93279765;ors_new_2020_2021
2021;3;66715,26576;63424,22513;61718,36923;1705,8559;2184,115642;;;1089,908982;;17,01600701;ors_new_2020_2021
2021;4;66907,72127;63662,93927;61982,74353;1680,195739;2141,828962;;;1065,858635;;37,09440465;ors_new_2020_2021
2021;5;66974,32868;63190,2935;61670,38352;1519,90998;2533,900448;;;1234,453958;;15,68077591;ors_new_2020_2021
2021;6;67312,23965;64064,91459;62484,294;1580,620589;2311,677593;;;896,0256579;;39,6218163;ors_new_2020_2021
2021;7;67741,23862;64190,0957;62476,80248;1713,293221;2383,540596;;;1135,771539;;31,83077959;ors_new_2020_2021
2021;8;67918,30768;64353,11128;62880,46589;1472,645392;2381,962618;;;1146,39033;;36,84344778;ors_new_2020_2021
2021;9;68144,79772;64962,81771;63580,46555;1382,35216;2200,441892;;;927,0944333;;54,44367743;ors_new_2020_2021
2021;10;68084,18291;64828,15235;63392,1881;1435,964247;2157,6069;;;1079,789892;;18,63376806;ors_new_2020_2021
2021;11;68039,96369;65054,80807;63776,42816;1278,379905;1950,876715;;;1005,836132;;28,44277497;ors_new_2020_2021
2021;12;68384,23239;65110,0673;63737,64661;1372,42069;1998,873811;;;1223,99505;;51,29622282;ors_new_2020_2021
2022;1;67695,35393;63866,68955;;;2136,063933;;;1692,600447;;;ors_new_2022
2022;2;67720,69064;64442,15899;;;1893,045975;;;1385,485673;;;ors_new_2022
2022;3;67379,46206;63575,77967;;;2313,202818;;;1490,479576;;;ors_new_2022
2022;4;67462,91121;63973,76342;;;2113,163152;;;1375,984632;;;ors_new_2022
2022;5;67435,96258;63707,23983;;;2249,031302;;;1479,691446;;;ors_new_2022
2022;6;67474,90255;63864,10873;;;2248,127466;;;1362,666355;;;ors_new_2022
2022;7;67592,2214;64135,95374;;;2099,912129;;;1356,355531;;;ors_new_2022
2022;8;67926,14573;64327,74908;;;2249,224552;;;1349,172096;;;ors_new_2022
2022;9;67901,2593;64587,24822;;;2090,268814;;;1223,742264;;;ors_new_2022
2022;10;67705,0929;64272,07616;;;2210,706696;;;1222,310039;;;ors_new_2022
2022;11;68070,79485;64973,49816;;;1862,793418;;;1234,503271;;;ors_new_2022
2022;12;67888,72736;64951,85445;;;1796,180524;;;1140,692386;;;ors_new_2022
2023;1;68400,21084;65193,95483;;;1924,144659;;;1282,111353;;;ors_new_2023
2023;2;68074,57789;65120,85456;;;1812,502085;;;1141,221254;;;ors_new_2023
2023;3;68060,67443;65173,82779;;;1813,194747;;;1073,651889;;;ors_new_2023
2023;4;68572,27381;65696,14984;;;1795,545205;;;1080,578771;;;ors_new_2023
2023;5;68161,44856;65152,93411;;;1983,889008;;;1024,625436;;;ors_new_2023
2023;6;68290,17196;65436,45834;;;1863,524156;;;990,1894646;;;ors_new_2023
2023;7;68697,87098;65431,48178;;;2117,697202;;;1148,691991;;;ors_new_2023
2023;8;68843,584;65709,24339;;;2035,066317;;;1099,274291;;;ors_new_2023
2023;9;68783,92293;66101,44861;;;1685,392576;;;997,0817408;;;ors_new_2023
2023;10;68844,26619;65910,13929;;;1638,160143;;;1295,966762;;;ors_new_2023
2023;11;69011,78528;66134,08276;;;1613,347914;;;1264,354606;;;ors_new_2023
2023;12;69478,57433;66705,30776;;;1352,759922;;;1420,506654;;;ors_new_2023
2022;1;67637,83819;63866,68955;62585,23666;1281,452882;2081,557978;1376,136159;705,4218193;1689,590663;;;ORS_2023
2022;2;67651,59489;64442,15899;63122,44627;1319,712715;1829,738067;1250,107955;579,6301121;1379,697834;;;ORS_2023
2022;3;67296,17464;63575,77967;62177,59022;1398,189446;2242,946147;1377,815085;865,1310625;1477,448826;;;ORS_2023
2022;4;67384,29124;63973,76342;62778,35586;1195,407567;2041,035801;1344,90473;696,1310711;1369,492017;;;ORS_2023
2022;5;67370,81094;63707,23983;62454,66909;1252,57074;2195,140486;1497,549976;697,5905095;1468,430622;;;ORS_2023
2022;6;67387,37366;63864,10873;62665,3811;1198,727634;2177,45154;1432,810389;744,6411513;1345,813389;;;ORS_2023
2022;7;67506,5949;64135,95374;62960,56804;1175,385704;2026,083779;1297,361399;728,7223797;1344,557385;;;ORS_2023
2022;8;67884,70822;64327,74908;63001,22794;1326,521143;2209,338537;1465,828889;743,5096484;1347,620596;;;ORS_2023
2022;9;67851,45122;64587,24822;63229,59273;1357,655484;2043,761153;1395,729113;648,0320405;1220,441849;;;ORS_2023
2022;10;67623,44077;64272,07616;63084,03487;1188,041295;2137,841192;1396,093555;741,7476363;1213,523415;;;ORS_2023
2023;11;67969,97423;64973,49816;63749,77496;1223,723195;1778,098423;1197,254634;580,8437893;1218,377647;;;ORS_2023
2023;12;67831,31818;64951,85445;63707,59206;1244,262393;1748,316948;1248,083541;500,233407;1131,146779;;;ORS_2023
2022;1;68339,47081;65193,95483;64061,85812;1132,096703;1864,818364;1355,954778;508,8635857;1280,69762;;;ORS_2023
2022;2;68019,10106;65120,85456;64136,46054;984,3940131;1763,869244;1310,446185;453,423059;1134,377259;;;ORS_2023
2022;3;67996,51638;65173,82779;64035,93139;1137,896398;1762,637936;1246,927752;515,7101842;1060,050653;;;ORS_2023
2022;4;68518,12737;65696,14984;64617,86711;1078,282723;1750,727954;1269,190798;481,5371566;1071,24958;;;ORS_2023
2022;5;68074,35778;65152,93411;64015,77947;1137,15464;1907,362363;1368,438587;538,9237764;1014,061305;;;ORS_2023
2022;6;68242,70248;65436,45834;64183,10171;1253,356634;1822,800724;1305,640851;517,1598739;983,4434146;;;ORS_2023
2022;7;68627,24116;65431,48178;64043,39977;1388,082019;2052,126957;1303,364184;748,7627732;1143,632413;;;ORS_2023
2022;8;68780,56042;65709,24339;64330,91754;1378,325849;1985,945944;1270,503931;715,4420129;1085,371084;;;ORS_2023
2022;9;68705,81752;66101,44861;64966,01242;1135,436191;1611,62802;1061,424695;550,2033244;992,7408836;;;ORS_2023
2022;10;68795,09125;65910,13929;64758,87759;1151,261695;1605,189013;1006,026721;599,1622915;1279,762948;;;ORS_2023
2023;11;68958,01749;66134,08276;64932,79964;1201,283116;1565,919992;994,7895119;571,1304797;1258,014746;;;ORS_2023
2023;12;69387,86967;66705,30776;65403,48743;1301,820322;1289,249672;883,5340245;405,7156473;1393,312246;;;ORS_2023
2021;1;;;;;;;;;;;ORS_2022
2021;2;;;;;;;;;;;ORS_2022
2021;3;;;;;;;;;;;ORS_2022
2021;4;;;;;;;;;;;ORS_2022
2021;5;;;;;;;;;;;ORS_2022
2021;6;;;;;;;;;;;ORS_2022
2021;7;;;;;;;;;;;ORS_2022
2021;8;;;;;;;;;;;ORS_2022
2021;9;;;;;;;;;;;ORS_2022
2021;10;;;;;;;;;;;ORS_2022
2021;11;;;;;;;;;;;ORS_2022
2021;12;;;;;;;;;;;ORS_2022
2022;1;66997,75887;63251,55813;61968,74847;1282,80966;2083,951176;1379,95787;703,9933064;1662,249566;;;ORS_2022
2022;2;66997,47792;63805,04255;62483,4644;1321,578143;1830,681995;1250,163563;580,5184326;1361,753379;;;ORS_2022
2022;3;66681,8457;62989,10625;61597,98289;1391,12336;2233,536971;1373,28611;860,2508608;1459,202477;;;ORS_2022
2022;4;66750,05395;63343,37568;62143,51946;1199,856211;2045,295304;1346,815425;698,4798787;1361,382973;;;ORS_2022
2022;5;66760,09394;63105,04342;61846,89007;1258,153354;2200,889411;1503,361011;697,5284007;1454,161101;;;ORS_2022
2022;6;66786,2032;63276,16381;62076,19585;1199,967967;2175,307071;1430,172305;745,1347657;1334,732316;;;ORS_2022
2022;7;66866,51184;63513,39342;62326,98103;1186,41239;2026,812077;1295,825541;730,9865356;1326,306348;;;ORS_2022
2022;8;67221,89988;63683,73389;62360,61518;1323,118715;2205,153085;1461,677978;743,4751066;1333,012902;;;ORS_2022
2022;9;67250,54679;64007,18156;62656,79031;1350,391255;2043,638542;1396,853309;646,7852329;1199,726684;;;ORS_2022
2022;10;67003,70044;63665,72085;62464,39656;1201,324293;2135,537292;1394,757151;740,7801404;1202,442299;;;ORS_2022
2022;11;67346,67584;64349,1508;63118,83676;1230,314035;1792,21102;1209,808524;582,4024957;1205,314024;;;ORS_2022
2022;12;67204,79262;64348,81348;63106,96524;1241,848247;1740,090825;1243,199051;496,8917747;1115,888309;;;ORS_2022
2020;1;66792,72246;;61745,39301;1685,615897;2277,121477;;;1044,139699;;40,45238311;ORS_2021
2020;2;66842,09437;;61902,47211;1752,505991;2335,391868;;;798,8954674;;52,82893897;ORS_2021
2020;3;66670,27881;;61569,97769;1854,525183;2347,29079;;;873,7506853;;24,73446528;ORS_2021
2020;4;65379,53531;;60856,83765;1709,055395;1983,879254;;;720,3648596;;109,3981523;ORS_2021
2020;5;65088,53505;;60584,62664;1554,032877;1998,249749;;;891,2293636;;60,39641517;ORS_2021
2020;6;65303,50105;;60727,26241;1488,013895;2085,157585;;;962,1127987;;40,95435646;ORS_2021
2020;7;65381,03194;;60537,21721;1640,460448;2302,059254;;;864,3069291;;36,98810442;ORS_2021
2020;8;65391,87876;;59956,62452;1917,456882;2342,256725;;;1127,462736;;48,07788863;ORS_2021
2020;9;65487,42319;;60342,42415;1793,443447;2437,94993;;;849,7113051;;63,89435308;ORS_2021
2020;10;65410,65094;;60412,37951;1573,889012;2477,974339;;;884,157118;;62,25095979;ORS_2021
2020;11;66233,35305;;61520,89039;1600,237338;2245,016917;;;808,6075628;;58,60084569;ORS_2021
2020;12;66014,17169;;60947,54443;1925,746421;2118,056791;;;981,8407481;;40,98330004;ORS_2021
2021;1;66192,5141;;61101,02643;1794,232399;2031,184031;;;1222,704782;;43,36645909;ORS_2021
2021;2;66249,20944;;61276,68689;1591,03785;2207,67348;;;1137,280337;;36,53088381;ORS_2021
2021;3;66190,04347;;61192,82793;1708,589421;2188,852902;;;1083,097621;;16,67558898;ORS_2021
2021;4;66338,29919;;61420,21415;1679,167936;2139,09324;;;1063,760742;;36,0631188;ORS_2021
2021;5;66420,91787;;61135,13998;1513,60864;2533,703173;;;1223,416864;;15,0492049;ORS_2021
2021;6;66738,46009;;61920,95654;1573,591503;2318,365233;;;886,7714371;;38,77537342;ORS_2021
2021;7;67202,13875;;61964,94693;1699,932721;2380,539308;;;1125,319106;;31,40068709;ORS_2021
2021;8;67351,51185;;62340,49733;1452,233863;2378,064544;;;1143,94857;;36,76754208;ORS_2021
2021;9;67599,68566;;63055,51369;1368,87131;2200,561177;;;920,9844218;;53,75506329;ORS_2021
2021;10;67568,7625;;62881,55065;1437,35569;2158,743749;;;1072,758597;;18,35381569;ORS_2021
2021;11;67514,56879;;63262,62242;1271,065282;1952,912553;;;1000,002808;;27,96572264;ORS_2021
2021;12;67867,2239;;63241,52124;1369,970055;1999,607093;;;1205,918315;;50,20719064;ORS_2021
2019;1;66622,48682;;61540,41597;1812,454361;2476,907594;;;760,7816347;;31,92726001;ORS_2020
2019;2;67010,49839;;62219,36603;1584,955642;2474,310206;;;701,8654938;;30,00100995;ORS_2020
2019;3;66701,27087;;61550,83889;1854,916278;2562,5946;;;707,5554196;;25,36568467;ORS_2020
2019;4;66507,51354;;61009,73972;1912,251741;2715,740608;;;848,6191549;;21,16231336;ORS_2020
2019;5;66477,90537;;60862,46492;1770,830733;2937,100288;;;870,4743014;;37,03512586;ORS_2020
2019;6;67016,74371;;61149,45922;2160,379881;2907,797084;;;762,2893484;;36,81818534;ORS_2020
2019;7;67362,88828;;61536,32768;1929,19974;2863,353109;;;1000,376769;;33,63098156;ORS_2020
2019;8;67340,08727;;61933,43666;1959,063551;2657,029423;;;759,308002;;31,24963557;ORS_2020
2019;9;67539,7783;;62186,60041;1883,165609;2640,094725;;;791,7561637;;38,16138896;ORS_2020
2019;10;67018,24914;;61690,28782;1892,926098;2456,875508;;;952,3939273;;25,76578401;ORS_2020
2019;11;67833,80516;;62465,92029;1982,59941;2567,794154;;;793,1879721;;24,30333119;ORS_2020
2019;12;67876,35519;;62492,11023;1836,884569;2601,691892;;;915,3253358;;30,34316099;ORS_2020
2020;1;66792,72246;;61745,39301;1685,615897;2277,121477;;;1044,139699;;40,45238311;ORS_2020
2020;2;66842,09437;;61902,47211;1752,505991;2335,391868;;;798,8954674;;52,82893897;ORS_2020
2020;3;66670,27881;;61569,97769;1854,525183;2347,29079;;;873,7506853;;24,73446528;ORS_2020
2020;4;65379,53531;;60856,83765;1709,055395;1983,879254;;;720,3648596;;109,3981523;ORS_2020
2020;5;65088,53505;;60584,62664;1554,032877;1998,249749;;;891,2293636;;60,39641517;ORS_2020
2020;6;65303,50105;;60727,26241;1488,013895;2085,157585;;;962,1127987;;40,95435646;ORS_2020
2020;7;65381,03194;;60537,21721;1640,460448;2302,059254;;;864,3069291;;36,98810442;ORS_2020
2020;8;65391,87876;;59956,62452;1917,456882;2342,256725;;;1127,462736;;48,07788863;ORS_2020
2020;9;65487,42319;;60342,42415;1793,443447;2437,94993;;;849,7113051;;63,89435308;ORS_2020
2020;10;65410,65094;;60412,37951;1573,889012;2477,974339;;;884,157118;;62,25095979;ORS_2020
2020;11;66233,35305;;61520,89039;1600,237338;2245,016917;;;808,6075628;;58,60084569;ORS_2020
2020;12;66014,17169;;60947,54443;1925,746421;2118,056791;;;981,8407481;;40,98330004;ORS_2020
2018;1;67302,30999;;62215,33988;1926,566518;2528,85791;;;621,7279683;;9,8177179;ORS_2019
2018;2;67115,7608;;62268,82652;2007,737613;2256,233811;;;573,558491;;9,404361725;ORS_2019
2018;3;67225,73032;;62148,29604;1997,674438;2503,750756;;;563,9599056;;12,04918823;ORS_2019
2018;4;67513,25215;;62588,71882;1843,184506;2415,051469;;;664,0581067;;2,23925;ORS_2019
2018;5;67293,50612;;62285,00427;1914,25546;2562,966625;;;523,2209871;;8,058779798;ORS_2019
2018;6;67471,88793;;61896,48134;2001,314975;2765,633946;;;800,2180863;;8,23958292;ORS_2019
2018;7;67535,20766;;62221,04385;1952,542295;2720,428186;;;630,1283687;;11,0649602;ORS_2019
2018;8;68095,42862;;62101,32401;2437,521988;2868,331933;;;679,8627058;;8,387987748;ORS_2019
2018;9;68136,50757;;62597,06594;2240,921758;2698,907285;;;589,5659226;;10,04666501;ORS_2019
2018;10;67500,01849;;62105,2257;2277,758783;2450,432832;;;666,6011801;;...;ORS_2019
2018;11;67685,06831;;62327,76736;2243,212965;2483,174106;;;625,3687457;;5,54512567;ORS_2019
2018;12;68052,35671;;62612,80507;2363,799173;2448,651187;;;625,8923846;;1,2089;ORS_2019
2019;1;66622,48682;;61540,41597;1812,454361;2476,907594;;;760,7816347;;31,92726001;ORS_2019
2019;2;67010,49839;;62219,36603;1584,955642;2474,310206;;;701,8654938;;30,00100995;ORS_2019
2019;3;66701,27087;;61550,83889;1854,916278;2562,5946;;;707,5554196;;25,36568467;ORS_2019
2019;4;66507,51354;;61009,73972;1912,251741;2715,740608;;;848,6191549;;21,16231336;ORS_2019
2019;5;66477,90537;;60862,46492;1770,830733;2937,100288;;;870,4743014;;37,03512586;ORS_2019
2019;6;67016,74371;;61149,45922;2160,379881;2907,797084;;;762,2893484;;36,81818534;ORS_2019
2019;7;67362,88828;;61536,32768;1929,19974;2863,353109;;;1000,376769;;33,63098156;ORS_2019
2019;8;67340,08727;;61933,43666;1959,063551;2657,029423;;;759,308002;;31,24963557;ORS_2019
2019;9;67539,7783;;62186,60041;1883,165609;2640,094725;;;791,7561637;;38,16138896;ORS_2019
2019;10;67018,24914;;61690,28782;1892,926098;2456,875508;;;952,3939273;;25,76578401;ORS_2019
2019;11;67833,80516;;62465,92029;1982,59941;2567,794154;;;793,1879721;;24,30333119;ORS_2019
2019;12;67876,35519;;62492,11023;1836,884569;2601,691892;;;915,3253358;;30,34316099;ORS_2019
2017;1;67228,16262;;61405,92767;2746,839589;2463,524561;;;566,2705556;37,99842866;7,6018235;ORS_2018
2017;2;67322,65544;;61637,22985;2702,982218;2462,187036;;;491,0447155;22,53850788;6,673118954;ORS_2018
2017;3;67468,22876;;61842,26042;2614,302906;2407,622554;;;583,7475868;16,3752822;3,920007793;ORS_2018
2017;4;67260,05619;;62096,66006;2146,992626;2397,434599;;;565,6413708;32,02903827;21,29849271;ORS_2018
2017;5;67275,95808;;61896,16481;2012,92937;2728,389388;;;607,4311103;26,37593708;4,66745937;ORS_2018
2017;6;67398,00228;;61872,74036;2268,302269;2594,253458;;;636,1589083;15,36734687;11,17993886;ORS_2018
2017;7;67344,60374;;61651,92805;2238,731855;2806,448048;;;624,5797826;21,06263087;1,853373377;ORS_2018
2017;8;67882,16352;;61868,96884;2392,949507;3016,899785;;;589,1303105;7,162559829;7,052521428;ORS_2018
2017;9;67917,10156;;62146,00271;2242,387723;2934,214635;;;564,3348598;22,18500064;7,976636217;ORS_2018
2017;10;67781,33476;;62093,04652;2280,661633;2716,495787;;;655,3673082;28,21540891;7,548105253;ORS_2018
2017;11;67506,20577;;62174,01855;2240,559764;2430,820038;;;633,0912745;26,30745193;1,408692935;ORS_2018
2017;12;67853,03492;;62694,35638;1879,220739;2639,425608;;;607,7205124;21,41315227;10,89852618;ORS_2018
2018;1;67302,30999;;62215,33988;1898,230205;2528,85791;;;621,7279683;28,33631379;9,8177179;ORS_2018
2018;2;67115,7608;;62268,82652;1965,159567;2256,233811;;;573,558491;42,57804609;9,404361725;ORS_2018
2018;3;67225,73032;;62148,29604;1975,501749;2503,750756;;;563,9599056;22,17268815;12,04918823;ORS_2018
2018;4;67513,25215;;62588,71882;1813,418226;2415,051469;;;664,0581067;29,76627996;2,23925;ORS_2018
2018;5;67293,50612;;62285,00427;1898,482758;2562,966625;;;523,2209871;15,77270143;8,058779798;ORS_2018
2018;6;67471,88793;;61896,48134;1984,773747;2765,633946;;;798,8785863;16,54122813;8,23958292;ORS_2018
2018;7;67535,20766;;62221,04385;1941,082716;2720,428186;;;630,1283687;11,45957903;11,0649602;ORS_2018
2018;8;68095,42862;;62101,32401;2404,661495;2868,331933;;;679,8627058;32,86049314;8,387987748;ORS_2018
2018;9;68136,50757;;62593,58852;2205,515016;2698,907285;;;589,5659226;35,40674265;10,04666501;ORS_2018
2018;10;67500,01849;;62105,2257;2244,01531;2450,432832;;;666,6011801;33,74347314;…;ORS_2018
2018;11;67685,06831;;62327,76736;2214,479118;2483,174106;;;623,7582457;28,73384718;5,54512567;ORS_2018
2018;12;68052,35671;;62612,80507;2332,68551;2448,651187;;;625,8923846;31,1136624;1,2089;ORS_2018
2017;1;67228,16262;;61405,92767;2746,839589;2463,524561;;;566,2705556;37,99842866;7,6018235;ORS_2017
2017;2;67322,65544;;61637,22985;2702,982218;2462,187036;;;491,0447155;22,53850788;6,673118954;ORS_2017
2017;3;67468,22876;;61842,26042;2614,302906;2407,622554;;;583,7475868;16,3752822;3,920007793;ORS_2017
2017;4;67260,05619;;62096,66006;2146,992626;2397,434599;;;565,6413708;32,02903827;21,29849271;ORS_2017
2017;5;67275,95808;;61896,16481;2012,92937;2728,389388;;;607,4311103;26,37593708;4,66745937;ORS_2017
2017;6;67398,00228;;61872,74036;2268,302269;2594,253458;;;636,1589083;15,36734687;11,17993886;ORS_2017
2017;7;67344,60374;;61651,92805;2238,731855;2806,448048;;;624,5797826;21,06263087;1,853373377;ORS_2017
2017;8;67882,16352;;61868,96884;2392,949507;3016,899785;;;589,1303105;7,162559829;7,052521428;ORS_2017
2017;9;67917,10156;;62146,00271;2242,387723;2934,214635;;;564,3348598;22,18500064;7,976636217;ORS_2017
2017;10;67781,33476;;62093,04652;2280,661633;2716,495787;;;655,3673082;28,21540891;7,548105253;ORS_2017
2017;11;67506,20577;;62174,01855;2240,559764;2430,820038;;;633,0912745;26,30745193;1,408692935;ORS_2017
2017;12;67853,03492;;62694,35638;1879,220739;2639,425608;;;607,7205124;21,41315227;10,89852618;ORS_2017
2015;1;66894,9259;;60826,67951;2842,2297;2595,8262;;;596,0062798;21,41453481;12,76967614;ORS_2016
2015;2;66715,27852;;60840,12441;2637,557739;2536,374939;;;671,4555562;28,65909628;1,106772727;ORS_2016
2015;3;66573,91642;;60887,25333;2530,861809;2657,469226;;;461,5030094;33,29407775;3,534967262;ORS_2016
2015;4;66715,04594;;60681,77712;2443,973698;2866,790338;;;677,8074954;38,69708928;6,000196443;ORS_2016
2015;5;66961,41669;;60804,89531;2648,926761;2754,993882;;;727,3767902;13,93134138;11,29260408;ORS_2016
2015;6;67109,95196;;60839,10844;2684,463352;2845,37361;;;698,7896609;40,20916054;2,007736842;ORS_2016
2015;7;67516,30199;;61252,28187;2635,043826;2969,717768;;;627,4807989;23,80784672;7,969880153;ORS_2016
2015;8;67668,70324;;61252,58408;3040,260493;2780,959969;;;574,00456;19,42309674;1,471043478;ORS_2016
2015;9;67286,1749;;61378,0351;2621,319323;2662,738545;;;582,4811372;30,76668829;10,83410055;ORS_2016
2015;10;67447,9322;;61321,19447;2595,384397;2910,298492;;;593,7904594;25,79033622;1,474043478;ORS_2016
2015;11;66996,39286;;61174,87695;2690,121369;2507,230846;;;595,5398408;22,51821804;6,10563524;ORS_2016
2015;12;67427,65404;;61611,91731;2799,032167;2394,623427;;;593,7398752;27,19111159;1,150142857;ORS_2016
2016;1;66344,47672;;61080,52803;2358,807986;2322,452557;;;547,3502187;26,39781349;8,940118419;ORS_2016
2016;2;66362,55022;;60951,61208;2400,535209;2345,154248;;;625,79559;32,09080878;7,36227808;ORS_2016
2016;3;66495,63191;;60982,43519;2468,279662;2459,391885;;;563,8940861;13,84716215;7,783928542;ORS_2016
2016;4;66579,40922;;61156,12525;2400,780003;2439,375801;;;527,6967434;51,35347274;4,077947723;ORS_2016
2016;5;66426,64627;;60820,29336;2470,637716;2512,402286;;;591,4876322;28,39009316;3,435182675;ORS_2016
2016;6;66907,31298;;61086,2604;2474,939805;2583,434004;;;716,4433088;34,92660028;11,30885963;ORS_2016
2016;7;67283,5512;;61386,15923;2375,409687;2890,23415;;;599,7162963;19,86345145;12,16837641;ORS_2016
2016;8;67460,93182;;61549,76114;2694,874041;2565,089703;;;614,6140541;30,41813694;6,17474699;ORS_2016
2016;9;67401,22145;;61551,9702;2640,259773;2563,286011;;;620,0677387;20,24903944;5,388686842;ORS_2016
2016;10;67033,34631;;61210,4351;2502,438478;2702,360138;;;599,5507995;15,7132194;2,848575188;ORS_2016
2016;11;67362,2064;;61853,94581;2508,407148;2380,197737;;;591,733282;24,11608954;3,806335106;ORS_2016
2016;12;67963,06485;;62524,84676;2312,620136;2393,514879;;;712,5500548;16,2135599;3,319452381;ORS_2016
2014;1;65613,98461;;59601,18528;2870,190957;2524,27513;;;566,2133045;34,03086086;18,08907849;ORS_2015
2014;2;66047,3831;;60397,25309;2634,767012;2348,193591;;;624,3963487;16,62501943;26,14804343;ORS_2015
2014;3;66179,7527;;60485,25046;2437,792126;2618,572881;;;603,8223605;28,62769805;5,687181123;ORS_2015
2014;4;65984,16912;;60633,66596;2432,962345;2375,030544;;;500,9802351;17,94258134;23,58745808;ORS_2015
2014;5;66045,78203;;60490,42922;2304,624891;2487,729949;;;689,9330142;48,69986704;24,36508964;ORS_2015
2014;6;66304,8684;;60405,28118;2621,439367;2674,854681;;;562,863042;18,68475182;21,74537518;ORS_2015
2014;7;66564,6537;;60397,31506;2611,12106;2915,579846;;;573,8514667;42,44059582;24,34567494;ORS_2015
2014;8;66525,41262;;60308,343;2826,380954;2798,16221;;;555,428251;23,16856601;13,92963793;ORS_2015
2014;9;66563,55427;;60126,05591;2828,583866;2950,849768;;;609,9348906;31,01129535;17,11854593;ORS_2015
2014;10;66826,02614;;60673,78787;2716,280406;2760,399839;;;614,630055;28,98189975;31,94606564;ORS_2015
2014;11;66632,73899;;60578,93493;2806,185155;2584,346484;;;614,4866683;27,02931642;21,75643265;ORS_2015
2014;12;67251,39979;;61224,79145;2582,851768;2824,239254;;;568,7909746;23,6153713;27,11097053;ORS_2015
2015;1;66894,9259;;60826,67951;2842,2297;2595,8262;;;596,0062798;21,41453481;12,76967614;ORS_2015
2015;2;66715,27852;;60840,12441;2637,557739;2536,374939;;;671,4555562;28,65909628;1,106772727;ORS_2015
2015;3;66573,91642;;60887,25333;2530,861809;2657,469226;;;461,5030094;33,29407775;3,534967262;ORS_2015
2015;4;66715,04594;;60681,77712;2443,973698;2866,790338;;;677,8074954;38,69708928;6,000196443;ORS_2015
2015;5;66961,41669;;60804,89531;2648,926761;2754,993882;;;727,3767902;13,93134138;11,29260408;ORS_2015
2015;6;67109,95196;;60839,10844;2684,463352;2845,37361;;;698,7896609;40,20916054;2,007736842;ORS_2015
2015;7;67516,30199;;61252,28187;2635,043826;2969,717768;;;627,4807989;23,80784672;7,969880153;ORS_2015
2015;8;67668,70324;;61252,58408;3040,260493;2780,959969;;;574,00456;19,42309674;1,471043478;ORS_2015
2015;9;67286,1749;;61378,0351;2621,319323;2662,738545;;;582,4811372;30,76668829;10,83410055;ORS_2015
2015;10;67447,9322;;61321,19447;2595,384397;2910,298492;;;593,7904594;25,79033622;1,474043478;ORS_2015
2015;11;66996,39286;;61174,87695;2690,121369;2507,230846;;;595,5398408;22,51821804;6,10563524;ORS_2015
2015;12;67427,65404;;61611,91731;2799,032167;2394,623427;;;593,7398752;27,19111159;1,150142857;ORS_2015
2013;1;66192,6274;;60149,83759;2453,54274;2825,076606;;;735,7843954;28,3860763;;ORS_2014
2013;2;66137,97447;;60713,35581;2315,229246;2366,008686;;;726,33409;17,04663448;;ORS_2014
2013;3;66201,10661;;60696,17986;2148,100726;2586,013356;;;747,5233383;23,28932885;;ORS_2014
2013;4;66058,12284;;60574,90663;2294,426667;2527,344664;;;642,3686869;19,0761874;;ORS_2014
2013;5;66318,97527;;60800,59326;2042,90059;2651,821723;;;797,7898305;25,86986039;;ORS_2014
2013;6;66122,21415;;60308,73972;2230,666127;2918,382232;;;644,3351971;20,09086887;;ORS_2014
2013;7;66039,281;;60388,77337;2092,046893;2923,995305;;;614,4657146;19,9997245;;ORS_2014
2013;8;66510,99391;;60553,40888;2344,852045;2904,123656;;;681,2449729;27,36435663;;ORS_2014
2013;9;66247,82442;;60716,04535;2017,11778;2781,7052;;;712,0618351;20,89426038;;ORS_2014
2013;10;65871,90443;;60254,10878;2166,355287;2732,625342;;;709,1117363;9,703289257;;ORS_2014
2013;11;66444,07638;;60864,82901;2142,626969;2610,741222;;;802,939881;22,93929931;;ORS_2014
2013;12;66216,86291;;60482,33239;2356,297806;2600,340576;;;764,4382005;13,45393496;;ORS_2014
2014;1;65613,98461;;59601,18528;2870,190957;2524,27513;;;566,2133045;34,03086086;18,08907849;ORS_2014
2014;2;66047,3831;;60397,25309;2634,767012;2348,193591;;;624,3963487;16,62501943;26,14804343;ORS_2014
2014;3;66179,7527;;60485,25046;2437,792126;2618,572881;;;603,8223605;28,62769805;5,687181123;ORS_2014
2014;4;65984,16912;;60633,66596;2432,962345;2375,030544;;;500,9802351;17,94258134;23,58745808;ORS_2014
2014;5;66045,78203;;60490,42922;2304,624891;2487,729949;;;689,9330142;48,69986704;24,36508964;ORS_2014
2014;6;66304,8684;;60405,28118;2621,439367;2674,854681;;;562,863042;18,68475182;21,74537518;ORS_2014
2014;7;66564,6537;;60397,31506;2611,12106;2915,579846;;;573,8514667;42,44059582;24,34567494;ORS_2014
2014;8;66525,41262;;60308,343;2826,380954;2798,16221;;;555,428251;23,16856601;13,92963793;ORS_2014
2014;9;66563,55427;;60126,05591;2828,583866;2950,849768;;;609,9348906;31,01129535;17,11854593;ORS_2014
2014;10;66826,02614;;60673,78787;2716,280406;2760,399839;;;614,630055;28,98189975;31,94606564;ORS_2014
2014;11;66632,73899;;60578,93493;2806,185155;2584,346484;;;614,4866683;27,02931642;21,75643265;ORS_2014
2014;12;67251,39979;;61224,79145;2582,851768;2824,239254;;;568,7909746;23,6153713;27,11097053;ORS_2014
2012;1;65413,21255;;59439,73406;2774,243252;2406,538038;;;779,7063824;12,99081931;;ORS_2013
2012;2;65479,96861;;59892,62559;2490,28224;2376,233789;;;692,6520144;28,17497115;;ORS_2013
2012;3;65449,55157;;59947,82437;2466,663068;2352,184607;;;671,9864478;10,89308347;;ORS_2013
2012;4;66279,72783;;60875,1722;2316,01609;2294,128654;;;766,3521117;28,05877954;;ORS_2013
2012;5;67174,89252;;61351,89144;2455,82844;2441,058044;;;903,0882564;23,02633529;;ORS_2013
2012;6;67354,95355;;61399,61424;2721,332445;2405,869279;;;819,6655224;8,472059728;;ORS_2013
2012;7;66735,53803;;61131,82068;2222,772887;2636,5957;;;726,7178919;17,63086958;;ORS_2013
2012;8;67468,73643;;61381,86615;2215,64341;2925,327688;;;940,3413301;5,557853175;;ORS_2013
2012;9;67053,14684;;61106,6432;2429,059156;2721,052558;;;771,8607237;24,53119474;;ORS_2013
2012;10;66897,70609;;61440,5444;2026,944502;2601,454406;;;801,7855215;26,97725667;;ORS_2013
2012;11;67141,17207;;61710,78845;2163,327808;2421,487641;;;818,7245077;24,67476966;;ORS_2013
2012;12;66725,26659;;61597,24151;2051,712531;2298,569117;;;759,4382741;18,30515684;;ORS_2013
2013;1;66192,6274;;60149,83759;2453,54274;2825,076606;;;735,7843954;28,3860763;;ORS_2013
2013;2;66137,97447;;60713,35581;2315,229246;2366,008686;;;726,33409;17,04663448;;ORS_2013
2013;3;66201,10661;;60696,17986;2148,100726;2586,013356;;;747,5233383;23,28932885;;ORS_2013
2013;4;66058,12284;;60574,90663;2294,426667;2527,344664;;;642,3686869;19,0761874;;ORS_2013
2013;5;66318,97527;;60800,59326;2042,90059;2651,821723;;;797,7898305;25,86986039;;ORS_2013
2013;6;66122,21415;;60308,73972;2230,666127;2918,382232;;;644,3351971;20,09086887;;ORS_2013
2013;7;66039,281;;60388,77337;2092,046893;2923,995305;;;614,4657146;19,9997245;;ORS_2013
2013;8;66510,99391;;60553,40888;2344,852045;2904,123656;;;681,2449729;27,36435663;;ORS_2013
2013;9;66247,82442;;60716,04535;2017,11778;2781,7052;;;712,0618351;20,89426038;;ORS_2013
2013;10;65871,90443;;60254,10878;2166,355287;2732,625342;;;709,1117363;9,703289257;;ORS_2013
2013;11;66444,07638;;60864,82901;2142,626969;2610,741222;;;802,939881;22,93929931;;ORS_2013
2013;12;66216,86291;;60482,33239;2356,297806;2600,340576;;;764,4382005;13,45393496;;ORS_2013
2011;1;64518,38699;;58268,99;3282,785011;2189,860429;;;764,7393854;12,0121589;;ORS_2012
2011;2;64696,643;;59428,95215;2678,106952;1980,199554;;;595,9595622;13,42478513;;ORS_2012
2011;3;65035,92676;;59789,11934;2425,059752;2235,667527;;;567,1678507;18,91228963;;ORS_2012
2011;4;65030,50458;;59645,86157;2377,712601;2303,160622;;;698,7108481;5,058933333;;ORS_2012
2011;5;65970,19339;;60432,14634;2528,566296;2245,876445;;;746,5050911;17,09920998;;ORS_2012
2011;6;66397,82775;;60644,5696;2627,91705;2506,873389;;;602,7914135;15,6763051;;ORS_2012
2011;7;65867,65104;;59958,86184;2821,614703;2360,933201;;;700,1606234;26,08066847;;ORS_2012
2011;8;66705,07859;;61445,2245;2289,561396;2398,023101;;;561,08938;11,18021141;;ORS_2012
2011;9;66602,29814;;61023,1391;2335,018227;2504,401327;;;727,0411672;12,69832543;;ORS_2012
2011;10;66054,63208;;60801,75848;2193,208434;2368,781942;;;685,7070009;5,176219231;;ORS_2012
2011;11;66428,58709;;61178,25055;2157,127889;2370,491649;;;712,9309621;9,786039771;;ORS_2012
2011;12;66619,25948;;61477,71753;2245,299125;2280,649319;;;601,2857738;14,30772867;;ORS_2012
2012;1;65413,21255;;59439,73406;2774,243252;2406,538038;;;779,7063824;12,99081931;;ORS_2012
2012;2;65479,96861;;59892,62559;2490,28224;2376,233789;;;692,6520144;28,17497115;;ORS_2012
2012;3;65449,55157;;59947,82437;2466,663068;2352,184607;;;671,9864478;10,89308347;;ORS_2012
2012;4;66279,72783;;60875,1722;2316,01609;2294,128654;;;766,3521117;28,05877954;;ORS_2012
2012;5;67174,89252;;61351,89144;2455,82844;2441,058044;;;903,0882564;23,02633529;;ORS_2012
2012;6;67354,95355;;61399,61424;2721,332445;2405,869279;;;819,6655224;8,472059728;;ORS_2012
2012;7;66735,53803;;61131,82068;2222,772887;2636,5957;;;726,7178919;17,63086958;;ORS_2012
2012;8;67468,73643;;61381,86615;2215,64341;2925,327688;;;940,3413301;5,557853175;;ORS_2012
2012;9;67053,14684;;61106,6432;2429,059156;2721,052558;;;771,8607237;24,53119474;;ORS_2012
2012;10;66897,70609;;61440,5444;2026,944502;2601,454406;;;801,7855215;26,97725667;;ORS_2012
2012;11;67141,17207;;61710,78845;2163,327808;2421,487641;;;818,7245077;24,67476966;;ORS_2012
2012;12;66725,26659;;61597,24151;2051,712531;2298,569117;;;759,4382741;18,30515684;;ORS_2012
2010;1;63206,45816;;56944,04137;3361,76071;2116,3251;;;753,25723;31,07375;;ORS_2011
2010;2;63849,58177;;57800,82047;3153,67626;2022,02677;;;839,35089;33,70738;;ORS_2011
2010;3;64042,83277;;58251,00149;3137,41438;2028,58466;;;607,80097;18,03127;;ORS_2011
2010;4;63955,52042;;58002,88138;3114,46873;2064,97113;;;744,90211;28,29707;;ORS_2011
2010;5;65395,53272;;59262,90275;3135,19999;2275,64423;;;701,24697;20,53878;;ORS_2011
2010;6;65976,64642;;59518,65027;3379,00769;2309,43098;;;737,08722;32,47026;;ORS_2011
2010;7;65224,17379;;58894,8021;2960,1131;2613,25806;;;739,38004;16,62049;;ORS_2011
2010;8;65466,96303;;59187,28347;2982,42717;2559,51517;;;721,96441;15,77281;;ORS_2011
2010;9;65999,91953;;59894,45625;2717,56701;2626,62533;;;740,47818;20,79276;;ORS_2011
2010;10;65910,14951;;60481,34267;2561,08024;2253,37926;;;599,14348;15,20386;;ORS_2011
2010;11;65825,14916;;60352,39637;2567,20242;2330,01285;;;563,1389;12,39862;;ORS_2011
2010;12;65126,36332;;59945,8412;2489,66654;2109,66041;;;569,88854;11,30663;;ORS_2011
2011;1;64383,09181;;58091,77361;3289,246469;2219,9402;;;769,3232616;12,80826922;;ORS_2011
2011;2;64666,25032;;59338,75948;2677,125054;2035,543431;;;600,8009034;14,02145002;;ORS_2011
2011;3;64852,82879;;59506,87084;2482,022558;2276,76101;;;567,6637581;19,51062149;;ORS_2011
2011;4;64912,07947;;59440,37498;2395,946904;2359,783197;;;710,2113999;5,76299372;;ORS_2011
2011;5;65769,61923;;60165,33794;2541,804238;2287,830615;;;759,1535324;15,49289996;;ORS_2011
2011;6;66253,69563;;60414,22477;2676,618393;2541,700581;;;606,4097285;14,74215807;;ORS_2011
2011;7;65678,53191;;59671,73856;2842,983569;2430,036773;;;708,1930969;25,57991042;;ORS_2011
2011;8;66530,40377;;61215,62271;2290,660488;2440,31905;;;572,3877945;11,41372471;;ORS_2011
2011;9;66437,97721;;60782,96377;2372,430088;2539,379147;;;729,6520627;13,55213807;;ORS_2011
2011;10;65839,66398;;60491,89441;2237,712452;2418,499174;;;686,4069656;5,150980463;;ORS_2011
2011;11;66243,60246;;60900,6605;2207,555939;2406,698893;;;719,7462534;8,940867538;;ORS_2011
2011;12;66459,55191;;61313,98207;2249,781693;2291,41021;;;591,9885857;12,38935466;;ORS_2011
2009;2;63060,41685;;55960,95586;3915,32742;2259,15367;;;900,46046;24,51944;;ORS_2010
2009;5;64134,80764;;57396,58516;3207,81619;2627,423;;;881,72266;21,26063;;ORS_2010
2009;8;64596,44652;;57728,83275;3230,57519;2634,83679;;;983,41509;18,7867;;ORS_2010
2009;9;64549,44674;;57689,60644;3282,81008;2707,01017;;;853,92767;16,09238;;ORS_2010
2009;10;64729,73503;;58105,4864;3496,39398;2287,97912;;;801,37502;38,50051;;ORS_2010
2009;11;64560,45217;;58393,72169;3278,92555;2171,25234;;;710,22304;6,32955;;ORS_2010
2009;12;64849,91341;;58081,78766;3616,94967;2243,20913;;;891,63145;16,3355;;ORS_2010
2010;1;63206,45816;;56944,04137;3361,76071;2116,3251;;;753,25723;31,07375;;ORS_2010
2010;2;63849,58177;;57800,82047;3153,67626;2022,02677;;;839,35089;33,70738;;ORS_2010
2010;3;64042,83277;;58251,00149;3137,41438;2028,58466;;;607,80097;18,03127;;ORS_2010
2010;4;63955,52042;;58002,88138;3114,46873;2064,97113;;;744,90211;28,29707;;ORS_2010
2010;5;65395,53272;;59262,90275;3135,19999;2275,64423;;;701,24697;20,53878;;ORS_2010
2010;6;65975,07385;;59517,0777;3379,00769;2309,43098;;;737,08722;32,47026;;ORS_2010
2010;7;65224,17379;;58894,8021;2960,1131;2613,25806;;;739,38004;16,62049;;ORS_2010
2010;8;65466,31053;;59186,63097;2982,42717;2559,51517;;;721,96441;15,77281;;ORS_2010
2010;9;65999,91953;;59894,45625;2717,56701;2626,62533;;;740,47818;20,79276;;ORS_2010
2010;10;65910,1575;;60481,3503;2561,080438;2253,379375;;;599,1435278;15,20385596;;ORS_2010
2010;11;65825,1482;;60352,39577;2567,202171;2330,012795;;;563,1388402;12,3986235;;ORS_2010
2010;12;65126,36132;;59945,83962;2489,666391;2109,660141;;;569,8885509;11,30661204;;ORS_2010
2008;2;64858,17412;;56061,90267;4855,35948;2522,5743;;;1418,33767;;;ORS_2009
2008;5;66170,993;;56603,84958;5337,33651;2694,8529;;;1534,95401;;;ORS_2009
2008;8;66429,97366;;56794,46432;5145,86149;3156,62103;;;1333,02682;;;ORS_2009
2008;11;65638,62864;;56665,90475;4695,6516;2726,53701;;;1550,53528;;;ORS_2009
2009;2;63060,41685;;55960,95586;3915,32742;2259,15367;;;900,46046;24,51944;;ORS_2009
2009;5;64134,80568;;57396,58356;3207,816021;2627,422723;;;881,7227382;21,26063293;;ORS_2009
2009;8;64596,44961;;57728,83534;3230,575451;2634,837012;;;983,4151035;18,78669827;;ORS_2009
2009;9;64549,45349;;57689,61242;3282,810362;2707,010529;;;853,9277873;16,09239058;;ORS_2009
2009;10;64729,73262;;58105,48405;3496,394056;2287,979076;;;801,374912;38,5005243;;ORS_2009
2009;11;64560,45319;;58393,7229;3278,925516;2171,252138;;;710,2230784;6,329553909;;ORS_2009
2009;12;64849,91604;;58081,79043;3616,94952;2243,209011;;;891,6315829;16,33549429;;ORS_2009
